Brand,Category,Network,Account,GEO,Keyword,Search Volume,Real Payout,Payout Currency,Payout Type,Gross Payout,Network Share %,CPC,CPC Currency,CPC Source,CPC Date,Commercial Intent,Paid Search Allowed,Brand Bidding Allowed,Direct Linking Allowed,Break-even CR %,Margin @0.5%,Margin @1%,Margin @2%,Margin @3%,Priority Score,Confidence,Status,Missing,Review,Notes
vrbo,Travel > Vacation,CJ,CJ,US,vrbo,2740000,27.52,USD,CPS,2%,0.0,0.43,USD,DataForSEO Google Ads (average CPC),2026-10-03,HIGH,Yes,Yes,NOT VERIFIED,1.56,-0.292,-0.155,0.120,0.396,74,LOW,MISSING DATA,direct linking allowed?; affiliate link; tracking reliability (HIGH / MEDIUM / LOW); can conversions be reconciled with the network?,"order value is a public estimate ($1,376.00, third_party_estimate, LOW confidence: KeyData 2025 Vrbo nightly rate $344 x ~4 nights (electroiq.com)): the first test must confirm it",
virgin voyages,,Impact,Impact NYJL,US,virgin voyages,368000,240.00,USD,CPS,12%,0.0,0.90,USD,DataForSEO Google Ads (average CPC),2026-10-03,MEDIUM,Yes,Yes,NOT VERIFIED,0.38,0.300,1.500,3.900,6.300,65,LOW,MISSING DATA,direct linking allowed?; affiliate link; tracking reliability (HIGH / MEDIUM / LOW); can conversions be reconciled with the network?,"restrictions to read before launch: read terms: https://app.impact.com/Mediapartners/IRMzcDLLRBgC27859fLsNiJEwGoUpdMew1/Campaigns/45098/PublicTerms; order value is a public estimate ($2,000.00, pricing_page, LOW confidence: icruise.com / virginvoyages.com cruise deals): the first test must confirm it",
hostinger,,Impact,Impact NYJL,US,hostinger,201000,57.41,USD,CPS,40%,0.0,1.32,USD,DataForSEO Google Ads (average CPC),2026-10-03,HIGH,Yes,Yes,No,2.30,-1.033,-0.746,-0.172,0.402,51,LOW,MISSING DATA,affiliate link; tracking reliability (HIGH / MEDIUM / LOW); can conversions be reconciled with the network?,"restrictions to read before launch: read terms: https://app.impact.com/Mediapartners/IRMzcDLLRBgC27859fLsNiJEwGoUpdMew1/Campaigns/12282/PublicTerms; order value is a public estimate ($143.52, pricing_page, MEDIUM confidence: hostinger.com/pricing: Premium $2.99/mo x 48 months): the first test must confirm it; break-even CR 2.30% needs a strong conversion rate",no direct linking: needs our own landing page
lenovo,,Impact,Impact NYJL,IN,lenovo,450000,AOV REQUIRED,INR,CPS,4%,0.0,0.09,USD,DataForSEO Google Ads (average CPC),2026-10-03,MEDIUM,Yes,Yes,NOT VERIFIED,,,,,,48,LOW,MISSING DATA,real payout: AOV REQUIRED; direct linking allowed?; affiliate link; tracking reliability (HIGH / MEDIUM / LOW); can conversions be reconciled with the network?,restrictions to read before launch: read terms: https://app.impact.com/Mediapartners/IRMzcDLLRBgC27859fLsNiJEwGoUpdMew1/Campaigns/9634/PublicTerms,
carwow,,Impact,Impact NYJL,GB,carwow,246000,100.00,GBP,CPA,100,0.0,1.69,USD,DataForSEO Google Ads (average CPC),2026-10-03,HIGH,Yes,Yes,NOT VERIFIED,,,,,,46,LOW,MISSING DATA,"CPC currency (USD) and payout currency (GBP) must match; not converted, to avoid inventing an exchange rate; direct linking allowed?; affiliate link; tracking reliability (HIGH / MEDIUM / LOW); can conversions be reconciled with the network?",restrictions to read before launch: read terms: https://app.impact.com/Mediapartners/IRMzcDLLRBgC27859fLsNiJEwGoUpdMew1/Campaigns/15470/PublicTerms,
brandsmart,,Impact,Impact C,US,brandsmart,246000,AOV REQUIRED,USD,CPS,1%,0.0,0.60,USD,DataForSEO Google Ads (average CPC),2026-10-03,MEDIUM,Yes,Yes,NOT VERIFIED,,,,,,44,LOW,MISSING DATA,real payout: AOV REQUIRED; direct linking allowed?; affiliate link; tracking reliability (HIGH / MEDIUM / LOW); can conversions be reconciled with the network?,restrictions to read before launch: read terms: https://app.impact.com/Mediapartners/IR6uoKsVEBM92349536mSxRD7ykuLtunp1/Campaigns/52119/PublicTerms,
verizon,Telecommunications > Online/Wireless,CJ,CJ,US,verizon,6120000,75.00,USD,CPA,75,0.0,2.23,USD,DataForSEO Google Ads (average CPC),2026-10-03,LOW,Yes,Yes,NOT VERIFIED,2.97,-1.855,-1.480,-0.730,0.020,37,LOW,MISSING DATA,direct linking allowed?; affiliate link; tracking reliability (HIGH / MEDIUM / LOW); can conversions be reconciled with the network?,"LOW commercial intent: big volume, weak buying intent; break-even CR 2.97% needs a strong conversion rate",
upwork,,Impact,Impact NYJL,US,upwork,368000,AOV REQUIRED,USD,CPS,70%,0.0,2.86,USD,DataForSEO Google Ads (average CPC),2026-10-03,LOW,Yes,Yes,NOT VERIFIED,,,,,,22,LOW,MISSING DATA,real payout: AOV REQUIRED; direct linking allowed?; affiliate link; tracking reliability (HIGH / MEDIUM / LOW); can conversions be reconciled with the network?,"LOW commercial intent: big volume, weak buying intent; restrictions to read before launch: read terms: https://app.impact.com/Mediapartners/IRMzcDLLRBgC27859fLsNiJEwGoUpdMew1/Campaigns/13634/PublicTerms",
pop mart,,Impact,Impact NYJL,US,pop mart,823000,1.12,USD,CPS,4%,0.0,0.35,USD,DataForSEO Google Ads (average CPC),2026-10-03,HIGH,Yes,Yes,NOT VERIFIED,31.25,-0.344,-0.339,-0.328,-0.316,58,LOW,DO NOT TEST,direct linking allowed?; affiliate link; tracking reliability (HIGH / MEDIUM / LOW); can conversions be reconciled with the network?,"restrictions to read before launch: read terms: https://app.impact.com/Mediapartners/IRMzcDLLRBgC27859fLsNiJEwGoUpdMew1/Campaigns/55611/PublicTerms; order value is a public estimate ($28.00, pricing_page, LOW confidence: Labubu blind box $27.99 (slickdeals, wral)): the first test must confirm it; break-even CR 31.25% is above 3%: loses money in every scenario unless payout goes up or CPC comes down",
fabletics,,Impact,Impact NYJL,US,fabletics,1220000,1.80,USD,CPS,7.5%,0.0,0.20,USD,DataForSEO Google Ads (average CPC),2026-10-03,MEDIUM,Yes,Yes,NOT VERIFIED,11.11,-0.191,-0.182,-0.164,-0.146,55,LOW,DO NOT TEST,direct linking allowed?; affiliate link; tracking reliability (HIGH / MEDIUM / LOW); can conversions be reconciled with the network?,"restrictions to read before launch: read terms: https://app.impact.com/Mediapartners/IRMzcDLLRBgC27859fLsNiJEwGoUpdMew1/Campaigns/32253/PublicTerms; order value is a public estimate ($24.00, pricing_page, LOW confidence: New-VIP offer: 2 leggings for $24 (couponcabin)): the first test must confirm it; break-even CR 11.11% is above 3%: loses money in every scenario unless payout goes up or CPC comes down",
aliexpress,Buying and Selling > E-commerce Solutions/Providers,CJ,CJ,US,aliexpress,1830000,0.35,USD,CPS,1%,0.0,0.45,USD,DataForSEO Google Ads (average CPC),2026-10-03,MEDIUM,Yes,Yes,NOT VERIFIED,128.57,-0.448,-0.447,-0.443,-0.440,51,LOW,DO NOT TEST,direct linking allowed?; affiliate link; tracking reliability (HIGH / MEDIUM / LOW); can conversions be reconciled with the network?,"order value is a public estimate ($35.00, third_party_estimate, MEDIUM confidence: ecdb.com AliExpress gross AOV $34.9 (global)): the first test must confirm it; break-even CR 128.57% is above 3%: loses money in every scenario unless payout goes up or CPC comes down",
casetify,,Impact,Impact C,US,casetify,450000,0.70,USD,CPS,1%,0.0,0.67,USD,DataForSEO Google Ads (average CPC),2026-10-03,HIGH,Yes,Yes,No,95.71,-0.667,-0.663,-0.656,-0.649,50,LOW,DO NOT TEST,affiliate link; tracking reliability (HIGH / MEDIUM / LOW); can conversions be reconciled with the network?,"restrictions to read before launch: read terms: https://app.impact.com/Mediapartners/IR6uoKsVEBM92349536mSxRD7ykuLtunp1/Campaigns/43179/PublicTerms; order value is a public estimate ($70.00, third_party_estimate, LOW confidence: uppromote.com $60-80; Grips $125-150): the first test must confirm it; break-even CR 95.71% is above 3%: loses money in every scenario unless payout goes up or CPC comes down",no direct linking: needs our own landing page
humble bundle,,Impact,Impact NYJL,US,humble bundle,301000,0.24,USD,HYBRID,4%,0.0,0.16,USD,DataForSEO Google Ads (average CPC),2026-10-03,MEDIUM,Yes,Yes,NOT VERIFIED,66.67,-0.159,-0.158,-0.155,-0.153,48,LOW,DO NOT TEST,direct linking allowed?; affiliate link; tracking reliability (HIGH / MEDIUM / LOW); can conversions be reconciled with the network?,"restrictions to read before launch: read terms: https://app.impact.com/Mediapartners/IRMzcDLLRBgC27859fLsNiJEwGoUpdMew1/Campaigns/25796/PublicTerms; order value is a public estimate ($6.00, company_statement, LOW confidence: Old bundle averages (mcvuk.com, gamedeveloper.com)): the first test must confirm it; break-even CR 66.67% is above 3%: loses money in every scenario unless payout goes up or CPC comes down",
airalo,,Impact,Impact NYJL,US,airalo,246000,1.10,USD,CPS,10%,0.0,1.69,USD,DataForSEO Google Ads (average CPC),2026-10-03,HIGH,Yes,Yes,NOT VERIFIED,153.64,-1.684,-1.679,-1.668,-1.657,46,LOW,DO NOT TEST,direct linking allowed?; affiliate link; tracking reliability (HIGH / MEDIUM / LOW); can conversions be reconciled with the network?,"restrictions to read before launch: read terms: https://app.impact.com/Mediapartners/IRMzcDLLRBgC27859fLsNiJEwGoUpdMew1/Campaigns/15608/PublicTerms; order value is a public estimate ($11.00, third_party_estimate, LOW confidence: 37X affiliate marketplace: average order $10.81): the first test must confirm it; break-even CR 153.64% is above 3%: loses money in every scenario unless payout goes up or CPC comes down",
vivid seats,,Impact,Impact NYJL,US,vivid seats,368000,19.44,USD,CPS,6%,0.0,1.96,USD,DataForSEO Google Ads (average CPC),2026-10-03,HIGH,Yes,Yes,NOT VERIFIED,10.08,-1.863,-1.766,-1.571,-1.377,46,LOW,DO NOT TEST,direct linking allowed?; affiliate link; tracking reliability (HIGH / MEDIUM / LOW); can conversions be reconciled with the network?,"restrictions to read before launch: read terms: https://app.impact.com/Mediapartners/IRMzcDLLRBgC27859fLsNiJEwGoUpdMew1/Campaigns/12730/PublicTerms; order value is a public estimate ($324.00, company_filing, MEDIUM confidence: Vivid Seats FY2025 results (investors.vividseats.com): GOV $2,704.6M / 8.336M orders): the first test must confirm it; break-even CR 10.08% is above 3%: loses money in every scenario unless payout goes up or CPC comes down",
ring doorbell,,Impact,Impact C,US,ring doorbell,201000,21.00,USD,CPS,10%,0.0,1.86,USD,DataForSEO Google Ads (average CPC),2026-10-03,HIGH,Yes,Yes,NOT VERIFIED,8.86,-1.755,-1.650,-1.440,-1.230,46,LOW,DO NOT TEST,direct linking allowed?; affiliate link; tracking reliability (HIGH / MEDIUM / LOW); can conversions be reconciled with the network?,"restrictions to read before launch: read terms: https://app.impact.com/Mediapartners/IR6uoKsVEBM92349536mSxRD7ykuLtunp1/Campaigns/30431/PublicTerms; order value is a public estimate ($210.00, third_party_estimate, MEDIUM confidence: gripsintelligence.com ring.com): the first test must confirm it; break-even CR 8.86% is above 3%: loses money in every scenario unless payout goes up or CPC comes down",
ringconn,,Impact,Impact C,US,ringconn,201000,NOT VERIFIED,USD,CPS,NOT VERIFIED,NOT VERIFIED,1.46,USD,DataForSEO Google Ads (average CPC),2026-10-03,HIGH,Yes,Yes,NOT VERIFIED,,,,,,46,LOW,DO NOT TEST,real payout: payout value NOT VERIFIED; direct linking allowed?; affiliate link; tracking reliability (HIGH / MEDIUM / LOW); can conversions be reconciled with the network?,"approval is Expired, not approved yet; restrictions to read before launch: read terms: https://app.impact.com/Mediapartners/IR6uoKsVEBM92349536mSxRD7ykuLtunp1/Campaigns/20222/PublicTerms; offer status is Expired",
cricut,,Impact,Impact NYJL,US,cricut,301000,8.40,USD,CPS,4%,0.0,0.53,USD,DataForSEO Google Ads (average CPC),2026-10-03,MEDIUM,Yes,Yes,NOT VERIFIED,6.31,-0.488,-0.446,-0.362,-0.278,44,LOW,DO NOT TEST,direct linking allowed?; affiliate link; tracking reliability (HIGH / MEDIUM / LOW); can conversions be reconciled with the network?,"restrictions to read before launch: read terms: https://app.impact.com/Mediapartners/IRMzcDLLRBgC27859fLsNiJEwGoUpdMew1/Campaigns/15311/PublicTerms; order value is a public estimate ($210.00, third_party_estimate, MEDIUM confidence: gripsintelligence.com cricut.com: $10.5M / 48,462 transactions): the first test must confirm it; break-even CR 6.31% is above 3%: loses money in every scenario unless payout goes up or CPC comes down",
dhgate,,Impact,Impact NYJL,US,dhgate,823000,2.00,USD,CPS,2%,0.0,0.78,USD,DataForSEO Google Ads (average CPC),2026-10-03,MEDIUM,Yes,Yes,NOT VERIFIED,39.00,-0.770,-0.760,-0.740,-0.720,44,LOW,DO NOT TEST,direct linking allowed?; affiliate link; tracking reliability (HIGH / MEDIUM / LOW); can conversions be reconciled with the network?,"restrictions to read before launch: read terms: https://app.impact.com/Mediapartners/IRMzcDLLRBgC27859fLsNiJEwGoUpdMew1/Campaigns/12108/PublicTerms; order value is a public estimate ($100.00, affiliate_program_listing, MEDIUM confidence: Awin DHgate merchant profile; FlexOffers): the first test must confirm it; break-even CR 39.00% is above 3%: loses money in every scenario unless payout goes up or CPC comes down",
udemy,,Impact,Impact NYJL,US,udemy,368000,2.00,USD,HYBRID,10%,0.0,0.57,USD,DataForSEO Google Ads (average CPC),2026-10-03,MEDIUM,Yes,Yes,NOT VERIFIED,28.50,-0.560,-0.550,-0.530,-0.510,44,LOW,DO NOT TEST,direct linking allowed?; affiliate link; tracking reliability (HIGH / MEDIUM / LOW); can conversions be reconciled with the network?,"restrictions to read before launch: read terms: https://app.impact.com/Mediapartners/IRMzcDLLRBgC27859fLsNiJEwGoUpdMew1/Campaigns/39854/PublicTerms; order value is a public estimate ($20.00, third_party_estimate, LOW confidence: Typical course price (earnkaro.com); FY2025 consumer revenue/buyer ~$16.8/month): the first test must confirm it; break-even CR 28.50% is above 3%: loses money in every scenario unless payout goes up or CPC comes down",
dji,,Impact,Impact C,US,dji,246000,3.75,USD,CPS,0.5%,0.0,0.53,USD,DataForSEO Google Ads (average CPC),2026-10-03,MEDIUM,Yes,Yes,NOT VERIFIED,14.13,-0.511,-0.493,-0.455,-0.418,44,LOW,DO NOT TEST,direct linking allowed?; affiliate link; tracking reliability (HIGH / MEDIUM / LOW); can conversions be reconciled with the network?,"restrictions to read before launch: read terms: https://app.impact.com/Mediapartners/IR6uoKsVEBM92349536mSxRD7ykuLtunp1/Campaigns/40334/PublicTerms; order value is a public estimate ($750.00, third_party_estimate, MEDIUM confidence: gripsintelligence.com dji.com): the first test must confirm it; break-even CR 14.13% is above 3%: loses money in every scenario unless payout goes up or CPC comes down",
nordvpn,Computer & Electronics > Computer SW,CJ,CJ,US,nordvpn,368000,32.40,USD,CPS,40%,0.0,2.39,USD,DataForSEO Google Ads (average CPC),2026-10-03,HIGH,Yes,Yes,NOT VERIFIED,7.38,-2.228,-2.066,-1.742,-1.418,42,LOW,DO NOT TEST,direct linking allowed?; affiliate link; tracking reliability (HIGH / MEDIUM / LOW); can conversions be reconciled with the network?,"order value is a public estimate ($81.00, pricing_page, LOW confidence: nordvpn.com pricing / costbench.com: 2-year Basic plan): the first test must confirm it; break-even CR 7.38% is above 3%: loses money in every scenario unless payout goes up or CPC comes down",
coursera,,Impact,Impact C,US,coursera,450000,8.85,USD,CPS,15%,0.0,0.70,USD,DataForSEO Google Ads (average CPC),2026-10-03,MEDIUM,Yes,Yes,No,7.91,-0.656,-0.611,-0.523,-0.434,40,LOW,DO NOT TEST,affiliate link; tracking reliability (HIGH / MEDIUM / LOW); can conversions be reconciled with the network?,"restrictions to read before launch: read terms: https://app.impact.com/Mediapartners/IR6uoKsVEBM92349536mSxRD7ykuLtunp1/Campaigns/14726/PublicTerms; order value is a public estimate ($59.00, affiliate_program_listing, LOW confidence: coursera.org/courseraplus: Plus monthly $59): the first test must confirm it; break-even CR 7.91% is above 3%: loses money in every scenario unless payout goes up or CPC comes down",no direct linking: needs our own landing page
incogni,Computer & Electronics > Computer SW,CJ,CJ,US,incogni,301000,50.00,USD,CPA,50,0.0,4.72,USD,DataForSEO Google Ads (average CPC),2026-10-03,HIGH,Yes,Yes,NOT VERIFIED,9.44,-4.470,-4.220,-3.720,-3.220,38,LOW,DO NOT TEST,direct linking allowed?; affiliate link; tracking reliability (HIGH / MEDIUM / LOW); can conversions be reconciled with the network?,break-even CR 9.44% is above 3%: loses money in every scenario unless payout goes up or CPC comes down,
capcut,,Impact,Impact NYJL,US,capcut,1000000,6.00,USD,HYBRID,30%,0.0,0.67,USD,DataForSEO Google Ads (average CPC),2026-10-03,LOW,Yes,Yes,NOT VERIFIED,11.17,-0.640,-0.610,-0.550,-0.490,37,LOW,DO NOT TEST,direct linking allowed?; affiliate link; tracking reliability (HIGH / MEDIUM / LOW); can conversions be reconciled with the network?,"LOW commercial intent: big volume, weak buying intent; restrictions to read before launch: read terms: https://app.impact.com/Mediapartners/IRMzcDLLRBgC27859fLsNiJEwGoUpdMew1/Campaigns/22474/PublicTerms; order value is a public estimate ($19.99, pricing_page, MEDIUM confidence: capcut.com help: Pro $19.99/mo or $179.99/yr): the first test must confirm it; break-even CR 11.17% is above 3%: loses money in every scenario unless payout goes up or CPC comes down",
freecash,,Impact,Impact NYJL,US,freecash,246000,4.00,USD,CPL,4,0.0,1.52,USD,DataForSEO Google Ads (average CPC),2026-10-03,MEDIUM,Yes,Yes,NOT VERIFIED,38.00,-1.500,-1.480,-1.440,-1.400,36,LOW,DO NOT TEST,direct linking allowed?; affiliate link; tracking reliability (HIGH / MEDIUM / LOW); can conversions be reconciled with the network?,restrictions to read before launch: read terms: https://app.impact.com/Mediapartners/IRMzcDLLRBgC27859fLsNiJEwGoUpdMew1/Campaigns/22930/PublicTerms; break-even CR 38.00% is above 3%: loses money in every scenario unless payout goes up or CPC comes down,
base44,,Impact,Impact NYJL,US,base44,301000,50.00,USD,CPA,50,0.0,3.15,USD,DataForSEO Google Ads (average CPC),2026-10-03,MEDIUM,Yes,Yes,NOT VERIFIED,6.30,-2.900,-2.650,-2.150,-1.650,32,LOW,DO NOT TEST,direct linking allowed?; affiliate link; tracking reliability (HIGH / MEDIUM / LOW); can conversions be reconciled with the network?,restrictions to read before launch: read terms: https://app.impact.com/Mediapartners/IRMzcDLLRBgC27859fLsNiJEwGoUpdMew1/Campaigns/25619/PublicTerms; break-even CR 6.30% is above 3%: loses money in every scenario unless payout goes up or CPC comes down,
postermywall,,Impact,Impact NYJL,US,postermywall,201000,2.60,USD,CPS,20%,0.0,1.14,USD,DataForSEO Google Ads (average CPC),2026-10-03,LOW,Yes,Yes,NOT VERIFIED,43.85,-1.127,-1.114,-1.088,-1.062,26,LOW,DO NOT TEST,direct linking allowed?; affiliate link; tracking reliability (HIGH / MEDIUM / LOW); can conversions be reconciled with the network?,"LOW commercial intent: big volume, weak buying intent; restrictions to read before launch: read terms: https://app.impact.com/Mediapartners/IRMzcDLLRBgC27859fLsNiJEwGoUpdMew1/Campaigns/27476/PublicTerms; order value is a public estimate ($13.00, pricing_page, MEDIUM confidence: postermywall.com premium: $13/mo or $109/yr): the first test must confirm it; break-even CR 43.85% is above 3%: loses money in every scenario unless payout goes up or CPC comes down",
shopify,,Impact,Impact NYJL,US,shopify,1000000,25.00,USD,CPA,25,0.0,5.81,USD,DataForSEO Google Ads (average CPC),2026-10-03,LOW,Yes,Yes,NOT VERIFIED,23.24,-5.685,-5.560,-5.310,-5.060,25,LOW,DO NOT TEST,direct linking allowed?; affiliate link; tracking reliability (HIGH / MEDIUM / LOW); can conversions be reconciled with the network?,"LOW commercial intent: big volume, weak buying intent; restrictions to read before launch: read terms: https://app.impact.com/Mediapartners/IRMzcDLLRBgC27859fLsNiJEwGoUpdMew1/Campaigns/13624/PublicTerms; break-even CR 23.24% is above 3%: loses money in every scenario unless payout goes up or CPC comes down",
hubspot,,Impact,Impact C,US,hubspot,368000,6.00,USD,CPS,30%,0.0,8.58,USD,DataForSEO Google Ads (average CPC),2026-10-03,LOW,Yes,Yes,NOT VERIFIED,143.00,-8.550,-8.520,-8.460,-8.400,18,LOW,DO NOT TEST,direct linking allowed?; affiliate link; tracking reliability (HIGH / MEDIUM / LOW); can conversions be reconciled with the network?,"LOW commercial intent: big volume, weak buying intent; restrictions to read before launch: read terms: https://app.impact.com/Mediapartners/IR6uoKsVEBM92349536mSxRD7ykuLtunp1/Campaigns/12893/PublicTerms; order value is a public estimate ($20.00, third_party_estimate, LOW confidence: Starter $20/mo month-to-month ($180/yr annual)): the first test must confirm it; break-even CR 143.00% is above 3%: loses money in every scenario unless payout goes up or CPC comes down",
mysterium vpn,Computer & Electronics > Computer Support,CJ,CJ,US,mysterium vpn,,NOT VERIFIED,NOT VERIFIED,CPS,NOT VERIFIED,NOT VERIFIED,CPC NOT AVAILABLE,NOT VERIFIED,,,NOT VERIFIED,NOT VERIFIED,NOT VERIFIED,NOT VERIFIED,,,,,,0,LOW,MISSING DATA,"monthly search volume (and the keyword used); CPC NOT AVAILABLE (record CPC, currency, source and date); real payout: payout value NOT VERIFIED; commercial intent (HIGH / MEDIUM / LOW with a short reason); paid search allowed?; brand bidding allowed?; direct linking allowed?; offer status (active?); affiliate link; tracking reliability (HIGH / MEDIUM / LOW); can conversions be reconciled with the network?",,
proton vpn,Computer & Electronics > Computer SW,CJ,CJ,US,proton vpn,,NOT VERIFIED,NOT VERIFIED,HYBRID,NOT VERIFIED,NOT VERIFIED,CPC NOT AVAILABLE,NOT VERIFIED,,,NOT VERIFIED,NOT VERIFIED,NOT VERIFIED,NOT VERIFIED,,,,,,0,LOW,MISSING DATA,"monthly search volume (and the keyword used); CPC NOT AVAILABLE (record CPC, currency, source and date); real payout: payout value NOT VERIFIED; commercial intent (HIGH / MEDIUM / LOW with a short reason); paid search allowed?; brand bidding allowed?; direct linking allowed?; offer status (active?); affiliate link; tracking reliability (HIGH / MEDIUM / LOW); can conversions be reconciled with the network?",,
baby deep sleep,,Impact,Impact NYJL,GB,baby deep sleep,,NOT VERIFIED,EUR,CPS,NOT VERIFIED,NOT VERIFIED,CPC NOT AVAILABLE,NOT VERIFIED,,,NOT VERIFIED,NOT VERIFIED,NOT VERIFIED,NOT VERIFIED,,,,,,0,LOW,MISSING DATA,"monthly search volume (and the keyword used); CPC NOT AVAILABLE (record CPC, currency, source and date); real payout: payout value NOT VERIFIED; commercial intent (HIGH / MEDIUM / LOW with a short reason); paid search allowed?; brand bidding allowed?; direct linking allowed?; offer status (active?); affiliate link; tracking reliability (HIGH / MEDIUM / LOW); can conversions be reconciled with the network?",restrictions to read before launch: read terms: https://app.impact.com/Mediapartners/IRMzcDLLRBgC27859fLsNiJEwGoUpdMew1/Campaigns/18660/PublicTerms,
baby sunnies,,Impact,Impact NYJL,US,baby sunnies,,NOT VERIFIED,EUR,CPS,NOT VERIFIED,NOT VERIFIED,CPC NOT AVAILABLE,NOT VERIFIED,,,NOT VERIFIED,NOT VERIFIED,NOT VERIFIED,NOT VERIFIED,,,,,,0,LOW,MISSING DATA,"monthly search volume (and the keyword used); CPC NOT AVAILABLE (record CPC, currency, source and date); real payout: payout value NOT VERIFIED; commercial intent (HIGH / MEDIUM / LOW with a short reason); paid search allowed?; brand bidding allowed?; direct linking allowed?; offer status (active?); affiliate link; tracking reliability (HIGH / MEDIUM / LOW); can conversions be reconciled with the network?",restrictions to read before launch: read terms: https://app.impact.com/Mediapartners/IRMzcDLLRBgC27859fLsNiJEwGoUpdMew1/Campaigns/24279/PublicTerms,
omfort,,Impact,Impact NYJL,US,omfort,,NOT VERIFIED,USD,CPS,NOT VERIFIED,NOT VERIFIED,0.33,USD,DataForSEO Google Ads (average CPC),2026-10-03,LOW,NOT VERIFIED,NOT VERIFIED,NOT VERIFIED,,,,,,16,LOW,MISSING DATA,monthly search volume (and the keyword used); real payout: payout value NOT VERIFIED; paid search allowed?; brand bidding allowed?; direct linking allowed?; offer status (active?); affiliate link; tracking reliability (HIGH / MEDIUM / LOW); can conversions be reconciled with the network?,"LOW commercial intent: big volume, weak buying intent; restrictions to read before launch: read terms: https://app.impact.com/Mediapartners/IRMzcDLLRBgC27859fLsNiJEwGoUpdMew1/Campaigns/46802/PublicTerms",
parallels desktop,,Impact,Impact NYJL,CN,parallels desktop,,NOT VERIFIED,USD,CPS,NOT VERIFIED,NOT VERIFIED,CPC NOT AVAILABLE,NOT VERIFIED,,,NOT VERIFIED,NOT VERIFIED,NOT VERIFIED,NOT VERIFIED,,,,,,0,LOW,MISSING DATA,"monthly search volume (and the keyword used); CPC NOT AVAILABLE (record CPC, currency, source and date); real payout: payout value NOT VERIFIED; commercial intent (HIGH / MEDIUM / LOW with a short reason); paid search allowed?; brand bidding allowed?; direct linking allowed?; offer status (active?); affiliate link; tracking reliability (HIGH / MEDIUM / LOW); can conversions be reconciled with the network?",restrictions to read before launch: read terms: https://app.impact.com/Mediapartners/IRMzcDLLRBgC27859fLsNiJEwGoUpdMew1/Campaigns/13845/PublicTerms,
metro x app,,Impact,Impact C,US,metro x app,,NOT VERIFIED,USD,CPS,NOT VERIFIED,NOT VERIFIED,CPC NOT AVAILABLE,NOT VERIFIED,,,NOT VERIFIED,NOT VERIFIED,NOT VERIFIED,NOT VERIFIED,,,,,,0,LOW,MISSING DATA,"monthly search volume (and the keyword used); CPC NOT AVAILABLE (record CPC, currency, source and date); real payout: payout value NOT VERIFIED; commercial intent (HIGH / MEDIUM / LOW with a short reason); paid search allowed?; brand bidding allowed?; direct linking allowed?; offer status (active?); affiliate link; tracking reliability (HIGH / MEDIUM / LOW); can conversions be reconciled with the network?",restrictions to read before launch: read terms: https://app.impact.com/Mediapartners/IR6uoKsVEBM92349536mSxRD7ykuLtunp1/Campaigns/48310/PublicTerms,
homestyler,,Impact,Impact C,CN,homestyler,,NOT VERIFIED,USD,CPS,NOT VERIFIED,NOT VERIFIED,CPC NOT AVAILABLE,NOT VERIFIED,,,NOT VERIFIED,NOT VERIFIED,NOT VERIFIED,NOT VERIFIED,,,,,,0,LOW,MISSING DATA,"monthly search volume (and the keyword used); CPC NOT AVAILABLE (record CPC, currency, source and date); real payout: payout value NOT VERIFIED; commercial intent (HIGH / MEDIUM / LOW with a short reason); paid search allowed?; brand bidding allowed?; direct linking allowed?; offer status (active?); affiliate link; tracking reliability (HIGH / MEDIUM / LOW); can conversions be reconciled with the network?",restrictions to read before launch: read terms: https://app.impact.com/Mediapartners/IR6uoKsVEBM92349536mSxRD7ykuLtunp1/Campaigns/39933/PublicTerms,
lifelock,,Impact,Impact NYJL,US,lifelock,135000,NOT VERIFIED,USD,CPS,NOT VERIFIED,NOT VERIFIED,17.30,USD,DataForSEO Google Ads (average CPC),2026-10-03,NOT VERIFIED,NOT VERIFIED,NOT VERIFIED,NOT VERIFIED,,,,,,0,LOW,DO NOT TEST,real payout: payout value NOT VERIFIED; commercial intent (HIGH / MEDIUM / LOW with a short reason); paid search allowed?; brand bidding allowed?; direct linking allowed?; offer status (active?); affiliate link; tracking reliability (HIGH / MEDIUM / LOW); can conversions be reconciled with the network?,restrictions to read before launch: read terms: https://app.impact.com/Mediapartners/IRMzcDLLRBgC27859fLsNiJEwGoUpdMew1/Campaigns/50024/PublicTerms,
lumibricks,,Impact,Impact NYJL,US,lumibricks,135000,NOT VERIFIED,USD,CPS,NOT VERIFIED,NOT VERIFIED,0.81,USD,DataForSEO Google Ads (average CPC),2026-10-03,NOT VERIFIED,NOT VERIFIED,NOT VERIFIED,NOT VERIFIED,,,,,,12,LOW,DO NOT TEST,real payout: payout value NOT VERIFIED; commercial intent (HIGH / MEDIUM / LOW with a short reason); paid search allowed?; brand bidding allowed?; direct linking allowed?; offer status (active?); affiliate link; tracking reliability (HIGH / MEDIUM / LOW); can conversions be reconciled with the network?,restrictions to read before launch: read terms: https://app.impact.com/Mediapartners/IRMzcDLLRBgC27859fLsNiJEwGoUpdMew1/Campaigns/17189/PublicTerms,
modlily,,Impact,Impact NYJL,US,modlily,135000,NOT VERIFIED,USD,CPS,NOT VERIFIED,NOT VERIFIED,7.12,USD,DataForSEO Google Ads (average CPC),2026-10-03,NOT VERIFIED,NOT VERIFIED,NOT VERIFIED,NOT VERIFIED,,,,,,0,LOW,DO NOT TEST,real payout: payout value NOT VERIFIED; commercial intent (HIGH / MEDIUM / LOW with a short reason); paid search allowed?; brand bidding allowed?; direct linking allowed?; offer status (active?); affiliate link; tracking reliability (HIGH / MEDIUM / LOW); can conversions be reconciled with the network?,restrictions to read before launch: read terms: https://app.impact.com/Mediapartners/IRMzcDLLRBgC27859fLsNiJEwGoUpdMew1/Campaigns/17059/PublicTerms,
norton,,Impact,Impact NYJL,US,norton,135000,NOT VERIFIED,USD,CPS,NOT VERIFIED,NOT VERIFIED,6.44,USD,DataForSEO Google Ads (average CPC),2026-10-03,NOT VERIFIED,NOT VERIFIED,NOT VERIFIED,NOT VERIFIED,,,,,,0,LOW,DO NOT TEST,real payout: payout value NOT VERIFIED; commercial intent (HIGH / MEDIUM / LOW with a short reason); paid search allowed?; brand bidding allowed?; direct linking allowed?; offer status (active?); affiliate link; tracking reliability (HIGH / MEDIUM / LOW); can conversions be reconciled with the network?,restrictions to read before launch: read terms: https://app.impact.com/Mediapartners/IRMzcDLLRBgC27859fLsNiJEwGoUpdMew1/Campaigns/4405/PublicTerms,
surfshark,Computer & Electronics > Computer SW,CJ,CJ,US,surfshark,110000,NOT VERIFIED,NOT VERIFIED,CPS,NOT VERIFIED,NOT VERIFIED,1.45,USD,DataForSEO Google Ads (average CPC),2026-10-03,NOT VERIFIED,NOT VERIFIED,NOT VERIFIED,NOT VERIFIED,,,,,,8,LOW,DO NOT TEST,real payout: payout value NOT VERIFIED; commercial intent (HIGH / MEDIUM / LOW with a short reason); paid search allowed?; brand bidding allowed?; direct linking allowed?; offer status (active?); affiliate link; tracking reliability (HIGH / MEDIUM / LOW); can conversions be reconciled with the network?,,
oppo,,Impact,Impact NYJL,TH,oppo,110000,NOT VERIFIED,USD,CPS,NOT VERIFIED,NOT VERIFIED,0.19,USD,DataForSEO Google Ads (average CPC),2026-10-03,NOT VERIFIED,NOT VERIFIED,NOT VERIFIED,NOT VERIFIED,,,,,,20,LOW,DO NOT TEST,real payout: payout value NOT VERIFIED; commercial intent (HIGH / MEDIUM / LOW with a short reason); paid search allowed?; brand bidding allowed?; direct linking allowed?; offer status (active?); affiliate link; tracking reliability (HIGH / MEDIUM / LOW); can conversions be reconciled with the network?,restrictions to read before launch: read terms: https://app.impact.com/Mediapartners/IRMzcDLLRBgC27859fLsNiJEwGoUpdMew1/Campaigns/50849/PublicTerms,
preply,,Impact,Impact NYJL,US,preply,110000,NOT VERIFIED,USD,HYBRID,NOT VERIFIED,NOT VERIFIED,0.91,USD,DataForSEO Google Ads (average CPC),2026-10-03,NOT VERIFIED,NOT VERIFIED,NOT VERIFIED,NOT VERIFIED,,,,,,12,LOW,DO NOT TEST,real payout: payout value NOT VERIFIED; commercial intent (HIGH / MEDIUM / LOW with a short reason); paid search allowed?; brand bidding allowed?; direct linking allowed?; offer status (active?); affiliate link; tracking reliability (HIGH / MEDIUM / LOW); can conversions be reconciled with the network?,restrictions to read before launch: read terms: https://app.impact.com/Mediapartners/IRMzcDLLRBgC27859fLsNiJEwGoUpdMew1/Campaigns/24422/PublicTerms,
ria money transfer,,Impact,Impact C,US,ria money transfer,110000,NOT VERIFIED,USD,CPL,NOT VERIFIED,NOT VERIFIED,5.17,USD,DataForSEO Google Ads (average CPC),2026-10-03,NOT VERIFIED,NOT VERIFIED,NOT VERIFIED,NOT VERIFIED,,,,,,0,LOW,DO NOT TEST,real payout: payout value NOT VERIFIED; commercial intent (HIGH / MEDIUM / LOW with a short reason); paid search allowed?; brand bidding allowed?; direct linking allowed?; offer status (active?); affiliate link; tracking reliability (HIGH / MEDIUM / LOW); can conversions be reconciled with the network?,restrictions to read before launch: read terms: https://app.impact.com/Mediapartners/IR6uoKsVEBM92349536mSxRD7ykuLtunp1/Campaigns/3035/PublicTerms,
bitdefender,,Impact,Impact NYJL,US,bitdefender,90500,NOT VERIFIED,EUR,HYBRID,NOT VERIFIED,NOT VERIFIED,5.69,USD,DataForSEO Google Ads (average CPC),2026-10-03,NOT VERIFIED,NOT VERIFIED,NOT VERIFIED,NOT VERIFIED,,,,,,0,LOW,DO NOT TEST,real payout: payout value NOT VERIFIED; commercial intent (HIGH / MEDIUM / LOW with a short reason); paid search allowed?; brand bidding allowed?; direct linking allowed?; offer status (active?); affiliate link; tracking reliability (HIGH / MEDIUM / LOW); can conversions be reconciled with the network?,restrictions to read before launch: read terms: https://app.impact.com/Mediapartners/IRMzcDLLRBgC27859fLsNiJEwGoUpdMew1/Campaigns/4466/PublicTerms,
dochub,,Impact,Impact NYJL,US,dochub,90500,NOT VERIFIED,USD,HYBRID,NOT VERIFIED,NOT VERIFIED,0.79,USD,DataForSEO Google Ads (average CPC),2026-10-03,NOT VERIFIED,NOT VERIFIED,NOT VERIFIED,NOT VERIFIED,,,,,,12,LOW,DO NOT TEST,real payout: payout value NOT VERIFIED; commercial intent (HIGH / MEDIUM / LOW with a short reason); paid search allowed?; brand bidding allowed?; direct linking allowed?; offer status (active?); affiliate link; tracking reliability (HIGH / MEDIUM / LOW); can conversions be reconciled with the network?,restrictions to read before launch: read terms: https://app.impact.com/Mediapartners/IRMzcDLLRBgC27859fLsNiJEwGoUpdMew1/Campaigns/18108/PublicTerms,
tello mobile,Telecommunications > Online/Wireless,CJ,CJ,US,tello mobile,74000,NOT VERIFIED,NOT VERIFIED,HYBRID,NOT VERIFIED,NOT VERIFIED,3.79,USD,DataForSEO Google Ads (average CPC),2026-10-03,NOT VERIFIED,NOT VERIFIED,NOT VERIFIED,NOT VERIFIED,,,,,,4,LOW,DO NOT TEST,real payout: payout value NOT VERIFIED; commercial intent (HIGH / MEDIUM / LOW with a short reason); paid search allowed?; brand bidding allowed?; direct linking allowed?; offer status (active?); affiliate link; tracking reliability (HIGH / MEDIUM / LOW); can conversions be reconciled with the network?,,
bluehost,,Impact,Impact NYJL,US,bluehost,74000,NOT VERIFIED,USD,HYBRID,NOT VERIFIED,NOT VERIFIED,3.77,USD,DataForSEO Google Ads (average CPC),2026-10-03,NOT VERIFIED,NOT VERIFIED,NOT VERIFIED,NOT VERIFIED,,,,,,4,LOW,DO NOT TEST,real payout: payout value NOT VERIFIED; commercial intent (HIGH / MEDIUM / LOW with a short reason); paid search allowed?; brand bidding allowed?; direct linking allowed?; offer status (active?); affiliate link; tracking reliability (HIGH / MEDIUM / LOW); can conversions be reconciled with the network?,restrictions to read before launch: read terms: https://app.impact.com/Mediapartners/IRMzcDLLRBgC27859fLsNiJEwGoUpdMew1/Campaigns/11352/PublicTerms,
youfibre,,Impact,Impact C,GB,youfibre,74000,NOT VERIFIED,GBP,CPA,NOT VERIFIED,NOT VERIFIED,1.15,USD,DataForSEO Google Ads (average CPC),2026-10-03,NOT VERIFIED,NOT VERIFIED,NOT VERIFIED,NOT VERIFIED,,,,,,8,LOW,DO NOT TEST,real payout: payout value NOT VERIFIED; commercial intent (HIGH / MEDIUM / LOW with a short reason); paid search allowed?; brand bidding allowed?; direct linking allowed?; offer status (active?); affiliate link; tracking reliability (HIGH / MEDIUM / LOW); can conversions be reconciled with the network?,restrictions to read before launch: read terms: https://app.impact.com/Mediapartners/IR6uoKsVEBM92349536mSxRD7ykuLtunp1/Campaigns/22933/PublicTerms,
elegoo,,Impact,Impact C,US,elegoo,60500,NOT VERIFIED,USD,CPS,NOT VERIFIED,NOT VERIFIED,0.88,USD,DataForSEO Google Ads (average CPC),2026-10-03,NOT VERIFIED,NOT VERIFIED,NOT VERIFIED,NOT VERIFIED,,,,,,12,LOW,DO NOT TEST,real payout: payout value NOT VERIFIED; commercial intent (HIGH / MEDIUM / LOW with a short reason); paid search allowed?; brand bidding allowed?; direct linking allowed?; offer status (active?); affiliate link; tracking reliability (HIGH / MEDIUM / LOW); can conversions be reconciled with the network?,restrictions to read before launch: read terms: https://app.impact.com/Mediapartners/IR6uoKsVEBM92349536mSxRD7ykuLtunp1/Campaigns/19663/PublicTerms,
envato elements,,Impact,Impact C,US,envato elements,60500,NOT VERIFIED,USD,CPA,NOT VERIFIED,NOT VERIFIED,0.27,USD,DataForSEO Google Ads (average CPC),2026-10-03,NOT VERIFIED,NOT VERIFIED,NOT VERIFIED,NOT VERIFIED,,,,,,20,LOW,DO NOT TEST,real payout: payout value NOT VERIFIED; commercial intent (HIGH / MEDIUM / LOW with a short reason); paid search allowed?; brand bidding allowed?; direct linking allowed?; offer status (active?); affiliate link; tracking reliability (HIGH / MEDIUM / LOW); can conversions be reconciled with the network?,restrictions to read before launch: read terms: https://app.impact.com/Mediapartners/IR6uoKsVEBM92349536mSxRD7ykuLtunp1/Campaigns/4662/PublicTerms,
fila,,Impact,Impact NYJL,US,fila,49500,NOT VERIFIED,USD,CPS,NOT VERIFIED,NOT VERIFIED,0.57,USD,DataForSEO Google Ads (average CPC),2026-10-03,NOT VERIFIED,NOT VERIFIED,NOT VERIFIED,NOT VERIFIED,,,,,,16,LOW,DO NOT TEST,real payout: payout value NOT VERIFIED; commercial intent (HIGH / MEDIUM / LOW with a short reason); paid search allowed?; brand bidding allowed?; direct linking allowed?; offer status (active?); affiliate link; tracking reliability (HIGH / MEDIUM / LOW); can conversions be reconciled with the network?,restrictions to read before launch: read terms: https://app.impact.com/Mediapartners/IRMzcDLLRBgC27859fLsNiJEwGoUpdMew1/Campaigns/54315/PublicTerms,
lenovo,,Impact,Impact NYJL,AR,lenovo,49500,NOT VERIFIED,USD,HYBRID,NOT VERIFIED,NOT VERIFIED,0.24,USD,DataForSEO Google Ads (average CPC),2026-10-03,NOT VERIFIED,NOT VERIFIED,NOT VERIFIED,NOT VERIFIED,,,,,,20,LOW,DO NOT TEST,real payout: payout value NOT VERIFIED; commercial intent (HIGH / MEDIUM / LOW with a short reason); paid search allowed?; brand bidding allowed?; direct linking allowed?; offer status (active?); affiliate link; tracking reliability (HIGH / MEDIUM / LOW); can conversions be reconciled with the network?,restrictions to read before launch: read terms: https://app.impact.com/Mediapartners/IRMzcDLLRBgC27859fLsNiJEwGoUpdMew1/Campaigns/9491/PublicTerms,
avast,,Impact,Impact C,US,avast,49500,NOT VERIFIED,USD,CPS,NOT VERIFIED,NOT VERIFIED,2.60,USD,DataForSEO Google Ads (average CPC),2026-10-03,NOT VERIFIED,NOT VERIFIED,NOT VERIFIED,NOT VERIFIED,,,,,,4,LOW,DO NOT TEST,real payout: payout value NOT VERIFIED; commercial intent (HIGH / MEDIUM / LOW with a short reason); paid search allowed?; brand bidding allowed?; direct linking allowed?; offer status (active?); affiliate link; tracking reliability (HIGH / MEDIUM / LOW); can conversions be reconciled with the network?,restrictions to read before launch: read terms: https://app.impact.com/Mediapartners/IR6uoKsVEBM92349536mSxRD7ykuLtunp1/Campaigns/18249/PublicTerms,
lenovo,,Impact,Impact NYJL,CO,lenovo,40500,NOT VERIFIED,USD,HYBRID,NOT VERIFIED,NOT VERIFIED,0.21,USD,DataForSEO Google Ads (average CPC),2026-10-03,NOT VERIFIED,NOT VERIFIED,NOT VERIFIED,NOT VERIFIED,,,,,,20,LOW,DO NOT TEST,real payout: payout value NOT VERIFIED; commercial intent (HIGH / MEDIUM / LOW with a short reason); paid search allowed?; brand bidding allowed?; direct linking allowed?; offer status (active?); affiliate link; tracking reliability (HIGH / MEDIUM / LOW); can conversions be reconciled with the network?,restrictions to read before launch: read terms: https://app.impact.com/Mediapartners/IRMzcDLLRBgC27859fLsNiJEwGoUpdMew1/Campaigns/4436/PublicTerms,
coofandy,Clothing/Apparel > Mens,CJ,CJ,US,coofandy,33100,NOT VERIFIED,NOT VERIFIED,CPS,NOT VERIFIED,NOT VERIFIED,1.68,USD,DataForSEO Google Ads (average CPC),2026-10-03,NOT VERIFIED,NOT VERIFIED,NOT VERIFIED,NOT VERIFIED,,,,,,8,LOW,DO NOT TEST,real payout: payout value NOT VERIFIED; commercial intent (HIGH / MEDIUM / LOW with a short reason); paid search allowed?; brand bidding allowed?; direct linking allowed?; offer status (active?); affiliate link; tracking reliability (HIGH / MEDIUM / LOW); can conversions be reconciled with the network?,,
wondershare,Computer & Electronics > Computer SW,CJ,CJ,US,wondershare,33100,NOT VERIFIED,NOT VERIFIED,CPS,NOT VERIFIED,NOT VERIFIED,1.29,USD,DataForSEO Google Ads (average CPC),2026-10-03,NOT VERIFIED,NOT VERIFIED,NOT VERIFIED,NOT VERIFIED,,,,,,8,LOW,DO NOT TEST,real payout: payout value NOT VERIFIED; commercial intent (HIGH / MEDIUM / LOW with a short reason); paid search allowed?; brand bidding allowed?; direct linking allowed?; offer status (active?); affiliate link; tracking reliability (HIGH / MEDIUM / LOW); can conversions be reconciled with the network?,,
eufy,,Impact,Impact NYJL,NL,eufy,33100,NOT VERIFIED,USD,CPS,NOT VERIFIED,NOT VERIFIED,1.07,USD,DataForSEO Google Ads (average CPC),2026-10-03,NOT VERIFIED,NOT VERIFIED,NOT VERIFIED,NOT VERIFIED,,,,,,8,LOW,DO NOT TEST,real payout: payout value NOT VERIFIED; commercial intent (HIGH / MEDIUM / LOW with a short reason); paid search allowed?; brand bidding allowed?; direct linking allowed?; offer status (active?); affiliate link; tracking reliability (HIGH / MEDIUM / LOW); can conversions be reconciled with the network?,restrictions to read before launch: read terms: https://app.impact.com/Mediapartners/IRMzcDLLRBgC27859fLsNiJEwGoUpdMew1/Campaigns/18024/PublicTerms,
lenovo,,Impact,Impact NYJL,CL,lenovo,33100,NOT VERIFIED,USD,HYBRID,NOT VERIFIED,NOT VERIFIED,0.27,USD,DataForSEO Google Ads (average CPC),2026-10-03,NOT VERIFIED,NOT VERIFIED,NOT VERIFIED,NOT VERIFIED,,,,,,20,LOW,DO NOT TEST,real payout: payout value NOT VERIFIED; commercial intent (HIGH / MEDIUM / LOW with a short reason); paid search allowed?; brand bidding allowed?; direct linking allowed?; offer status (active?); affiliate link; tracking reliability (HIGH / MEDIUM / LOW); can conversions be reconciled with the network?,restrictions to read before launch: read terms: https://app.impact.com/Mediapartners/IRMzcDLLRBgC27859fLsNiJEwGoUpdMew1/Campaigns/9490/PublicTerms,
oneplus,,Impact,Impact NYJL,FR,oneplus,33100,NOT VERIFIED,EUR,NOT VERIFIED,NOT VERIFIED,NOT VERIFIED,1.13,USD,DataForSEO Google Ads (average CPC),2026-10-03,NOT VERIFIED,NOT VERIFIED,NOT VERIFIED,NOT VERIFIED,,,,,,8,LOW,DO NOT TEST,real payout: payout value NOT VERIFIED; commercial intent (HIGH / MEDIUM / LOW with a short reason); paid search allowed?; brand bidding allowed?; direct linking allowed?; offer status (active?); affiliate link; tracking reliability (HIGH / MEDIUM / LOW); can conversions be reconciled with the network?,restrictions to read before launch: read terms: https://app.impact.com/Mediapartners/IRMzcDLLRBgC27859fLsNiJEwGoUpdMew1/Campaigns/14044/PublicTerms,
a-premium,,Impact,Impact C,US,a-premium,33100,NOT VERIFIED,USD,CPS,NOT VERIFIED,NOT VERIFIED,0.89,USD,DataForSEO Google Ads (average CPC),2026-10-03,NOT VERIFIED,NOT VERIFIED,NOT VERIFIED,NOT VERIFIED,,,,,,12,LOW,DO NOT TEST,real payout: payout value NOT VERIFIED; commercial intent (HIGH / MEDIUM / LOW with a short reason); paid search allowed?; brand bidding allowed?; direct linking allowed?; offer status (active?); affiliate link; tracking reliability (HIGH / MEDIUM / LOW); can conversions be reconciled with the network?,restrictions to read before launch: read terms: https://app.impact.com/Mediapartners/IR6uoKsVEBM92349536mSxRD7ykuLtunp1/Campaigns/21253/PublicTerms,
kaspersky,Computer & Electronics > Computer SW,CJ,CJ,MX,kaspersky,27100,NOT VERIFIED,NOT VERIFIED,CPS,NOT VERIFIED,NOT VERIFIED,1.22,USD,DataForSEO Google Ads (average CPC),2026-10-03,NOT VERIFIED,NOT VERIFIED,NOT VERIFIED,NOT VERIFIED,,,,,,8,LOW,DO NOT TEST,real payout: payout value NOT VERIFIED; commercial intent (HIGH / MEDIUM / LOW with a short reason); paid search allowed?; brand bidding allowed?; direct linking allowed?; offer status (active?); affiliate link; tracking reliability (HIGH / MEDIUM / LOW); can conversions be reconciled with the network?,,
ravin crossbows,Sports & Fitness > Equipment,CJ,CJ,US,ravin crossbows,27100,NOT VERIFIED,NOT VERIFIED,CPS,NOT VERIFIED,NOT VERIFIED,1.23,USD,DataForSEO Google Ads (average CPC),2026-10-03,NOT VERIFIED,NOT VERIFIED,NOT VERIFIED,NOT VERIFIED,,,,,,8,LOW,DO NOT TEST,real payout: payout value NOT VERIFIED; commercial intent (HIGH / MEDIUM / LOW with a short reason); paid search allowed?; brand bidding allowed?; direct linking allowed?; offer status (active?); affiliate link; tracking reliability (HIGH / MEDIUM / LOW); can conversions be reconciled with the network?,,
airwallex,,Impact,Impact NYJL,US,airwallex,27100,NOT VERIFIED,USD,CPA,NOT VERIFIED,NOT VERIFIED,29.09,USD,DataForSEO Google Ads (average CPC),2026-10-03,NOT VERIFIED,NOT VERIFIED,NOT VERIFIED,NOT VERIFIED,,,,,,0,LOW,DO NOT TEST,real payout: payout value NOT VERIFIED; commercial intent (HIGH / MEDIUM / LOW with a short reason); paid search allowed?; brand bidding allowed?; direct linking allowed?; offer status (active?); affiliate link; tracking reliability (HIGH / MEDIUM / LOW); can conversions be reconciled with the network?,restrictions to read before launch: read terms: https://app.impact.com/Mediapartners/IRMzcDLLRBgC27859fLsNiJEwGoUpdMew1/Campaigns/25559/PublicTerms,
elementor,Online Services > Web Hosting/Servers,CJ,CJ,US,elementor,22200,NOT VERIFIED,NOT VERIFIED,CPS,NOT VERIFIED,NOT VERIFIED,1.63,USD,DataForSEO Google Ads (average CPC),2026-10-03,NOT VERIFIED,NOT VERIFIED,NOT VERIFIED,NOT VERIFIED,,,,,,8,LOW,DO NOT TEST,real payout: payout value NOT VERIFIED; commercial intent (HIGH / MEDIUM / LOW with a short reason); paid search allowed?; brand bidding allowed?; direct linking allowed?; offer status (active?); affiliate link; tracking reliability (HIGH / MEDIUM / LOW); can conversions be reconciled with the network?,,
nordpass,Computer & Electronics > Computer SW,CJ,CJ,US,nordpass,22200,NOT VERIFIED,NOT VERIFIED,CPS,NOT VERIFIED,NOT VERIFIED,2.50,USD,DataForSEO Google Ads (average CPC),2026-10-03,NOT VERIFIED,NOT VERIFIED,NOT VERIFIED,NOT VERIFIED,,,,,,4,LOW,DO NOT TEST,real payout: payout value NOT VERIFIED; commercial intent (HIGH / MEDIUM / LOW with a short reason); paid search allowed?; brand bidding allowed?; direct linking allowed?; offer status (active?); affiliate link; tracking reliability (HIGH / MEDIUM / LOW); can conversions be reconciled with the network?,,
tanga,Computer & Electronics > Consumer Electronics,CJ,CJ,US,tanga,22200,NOT VERIFIED,NOT VERIFIED,CPS,NOT VERIFIED,NOT VERIFIED,0.88,USD,DataForSEO Google Ads (average CPC),2026-10-03,NOT VERIFIED,NOT VERIFIED,NOT VERIFIED,NOT VERIFIED,,,,,,12,LOW,DO NOT TEST,real payout: payout value NOT VERIFIED; commercial intent (HIGH / MEDIUM / LOW with a short reason); paid search allowed?; brand bidding allowed?; direct linking allowed?; offer status (active?); affiliate link; tracking reliability (HIGH / MEDIUM / LOW); can conversions be reconciled with the network?,,
roboform,Computer & Electronics > Computer SW,CJ,CJ,US,roboform,18100,NOT VERIFIED,NOT VERIFIED,CPA,NOT VERIFIED,NOT VERIFIED,0.23,USD,DataForSEO Google Ads (average CPC),2026-10-03,NOT VERIFIED,NOT VERIFIED,NOT VERIFIED,NOT VERIFIED,,,,,,20,LOW,DO NOT TEST,real payout: payout value NOT VERIFIED; commercial intent (HIGH / MEDIUM / LOW with a short reason); paid search allowed?; brand bidding allowed?; direct linking allowed?; offer status (active?); affiliate link; tracking reliability (HIGH / MEDIUM / LOW); can conversions be reconciled with the network?,,
eureka vacuum,,Impact,Impact NYJL,US,eureka vacuum,18100,NOT VERIFIED,USD,CPS,NOT VERIFIED,NOT VERIFIED,1.41,USD,DataForSEO Google Ads (average CPC),2026-10-03,NOT VERIFIED,NOT VERIFIED,NOT VERIFIED,NOT VERIFIED,,,,,,8,LOW,DO NOT TEST,real payout: payout value NOT VERIFIED; commercial intent (HIGH / MEDIUM / LOW with a short reason); paid search allowed?; brand bidding allowed?; direct linking allowed?; offer status (active?); affiliate link; tracking reliability (HIGH / MEDIUM / LOW); can conversions be reconciled with the network?,restrictions to read before launch: read terms: https://app.impact.com/Mediapartners/IRMzcDLLRBgC27859fLsNiJEwGoUpdMew1/Campaigns/27651/PublicTerms,
wps office,,Impact,Impact NYJL,US,wps office,18100,NOT VERIFIED,USD,HYBRID,NOT VERIFIED,NOT VERIFIED,1.10,USD,DataForSEO Google Ads (average CPC),2026-10-03,NOT VERIFIED,NOT VERIFIED,NOT VERIFIED,NOT VERIFIED,,,,,,8,LOW,DO NOT TEST,real payout: payout value NOT VERIFIED; commercial intent (HIGH / MEDIUM / LOW with a short reason); paid search allowed?; brand bidding allowed?; direct linking allowed?; offer status (active?); affiliate link; tracking reliability (HIGH / MEDIUM / LOW); can conversions be reconciled with the network?,restrictions to read before launch: read terms: https://app.impact.com/Mediapartners/IRMzcDLLRBgC27859fLsNiJEwGoUpdMew1/Campaigns/32335/PublicTerms,
coreldraw,,Impact,Impact C,US,coreldraw,18100,NOT VERIFIED,USD,CPS,NOT VERIFIED,NOT VERIFIED,3.96,USD,DataForSEO Google Ads (average CPC),2026-10-03,NOT VERIFIED,NOT VERIFIED,NOT VERIFIED,NOT VERIFIED,,,,,,4,LOW,DO NOT TEST,real payout: payout value NOT VERIFIED; commercial intent (HIGH / MEDIUM / LOW with a short reason); paid search allowed?; brand bidding allowed?; direct linking allowed?; offer status (active?); affiliate link; tracking reliability (HIGH / MEDIUM / LOW); can conversions be reconciled with the network?,restrictions to read before launch: read terms: https://app.impact.com/Mediapartners/IR6uoKsVEBM92349536mSxRD7ykuLtunp1/Campaigns/20119/PublicTerms,
ulike,,Impact,Impact C,US,ulike,18100,NOT VERIFIED,USD,CPS,NOT VERIFIED,NOT VERIFIED,2.86,USD,DataForSEO Google Ads (average CPC),2026-10-03,NOT VERIFIED,NOT VERIFIED,NOT VERIFIED,NOT VERIFIED,,,,,,4,LOW,DO NOT TEST,real payout: payout value NOT VERIFIED; commercial intent (HIGH / MEDIUM / LOW with a short reason); paid search allowed?; brand bidding allowed?; direct linking allowed?; offer status (active?); affiliate link; tracking reliability (HIGH / MEDIUM / LOW); can conversions be reconciled with the network?,restrictions to read before launch: read terms: https://app.impact.com/Mediapartners/IR6uoKsVEBM92349536mSxRD7ykuLtunp1/Campaigns/21024/PublicTerms,
easeus,Computer & Electronics > Computer SW,CJ,CJ,US,easeus,14800,NOT VERIFIED,NOT VERIFIED,CPS,NOT VERIFIED,NOT VERIFIED,3.25,USD,DataForSEO Google Ads (average CPC),2026-10-03,NOT VERIFIED,NOT VERIFIED,NOT VERIFIED,NOT VERIFIED,,,,,,4,LOW,DO NOT TEST,real payout: payout value NOT VERIFIED; commercial intent (HIGH / MEDIUM / LOW with a short reason); paid search allowed?; brand bidding allowed?; direct linking allowed?; offer status (active?); affiliate link; tracking reliability (HIGH / MEDIUM / LOW); can conversions be reconciled with the network?,,
gandi,Online Services > Domain Registrations,CJ,CJ,US,gandi,14800,NOT VERIFIED,NOT VERIFIED,HYBRID,NOT VERIFIED,NOT VERIFIED,10.11,USD,DataForSEO Google Ads (average CPC),2026-10-03,NOT VERIFIED,NOT VERIFIED,NOT VERIFIED,NOT VERIFIED,,,,,,0,LOW,DO NOT TEST,real payout: payout value NOT VERIFIED; commercial intent (HIGH / MEDIUM / LOW with a short reason); paid search allowed?; brand bidding allowed?; direct linking allowed?; offer status (active?); affiliate link; tracking reliability (HIGH / MEDIUM / LOW); can conversions be reconciled with the network?,,
parallels desktop,Computer & Electronics > Computer SW,CJ,CJ,US,parallels desktop,14800,NOT VERIFIED,NOT VERIFIED,CPS,NOT VERIFIED,NOT VERIFIED,4.67,USD,DataForSEO Google Ads (average CPC),2026-10-03,NOT VERIFIED,NOT VERIFIED,NOT VERIFIED,NOT VERIFIED,,,,,,0,LOW,DO NOT TEST,real payout: payout value NOT VERIFIED; commercial intent (HIGH / MEDIUM / LOW with a short reason); paid search allowed?; brand bidding allowed?; direct linking allowed?; offer status (active?); affiliate link; tracking reliability (HIGH / MEDIUM / LOW); can conversions be reconciled with the network?,,
appsumo,,Impact,Impact NYJL,US,appsumo,14800,NOT VERIFIED,USD,HYBRID,NOT VERIFIED,NOT VERIFIED,0.52,USD,DataForSEO Google Ads (average CPC),2026-10-03,NOT VERIFIED,NOT VERIFIED,NOT VERIFIED,NOT VERIFIED,,,,,,16,LOW,DO NOT TEST,real payout: payout value NOT VERIFIED; commercial intent (HIGH / MEDIUM / LOW with a short reason); paid search allowed?; brand bidding allowed?; direct linking allowed?; offer status (active?); affiliate link; tracking reliability (HIGH / MEDIUM / LOW); can conversions be reconciled with the network?,restrictions to read before launch: read terms: https://app.impact.com/Mediapartners/IRMzcDLLRBgC27859fLsNiJEwGoUpdMew1/Campaigns/7443/PublicTerms,
smile makers,,Impact,Impact NYJL,US,smile makers,14800,NOT VERIFIED,USD,CPS,NOT VERIFIED,NOT VERIFIED,1.76,USD,DataForSEO Google Ads (average CPC),2026-10-03,NOT VERIFIED,NOT VERIFIED,NOT VERIFIED,NOT VERIFIED,,,,,,8,LOW,DO NOT TEST,real payout: payout value NOT VERIFIED; commercial intent (HIGH / MEDIUM / LOW with a short reason); paid search allowed?; brand bidding allowed?; direct linking allowed?; offer status (active?); affiliate link; tracking reliability (HIGH / MEDIUM / LOW); can conversions be reconciled with the network?,restrictions to read before launch: read terms: https://app.impact.com/Mediapartners/IRMzcDLLRBgC27859fLsNiJEwGoUpdMew1/Campaigns/26106/PublicTerms,
avg antivirus,,Impact,Impact C,US,avg antivirus,14800,NOT VERIFIED,USD,CPS,NOT VERIFIED,NOT VERIFIED,4.06,USD,DataForSEO Google Ads (average CPC),2026-10-03,NOT VERIFIED,NOT VERIFIED,NOT VERIFIED,NOT VERIFIED,,,,,,0,LOW,DO NOT TEST,real payout: payout value NOT VERIFIED; commercial intent (HIGH / MEDIUM / LOW with a short reason); paid search allowed?; brand bidding allowed?; direct linking allowed?; offer status (active?); affiliate link; tracking reliability (HIGH / MEDIUM / LOW); can conversions be reconciled with the network?,restrictions to read before launch: read terms: https://app.impact.com/Mediapartners/IR6uoKsVEBM92349536mSxRD7ykuLtunp1/Campaigns/18250/PublicTerms,
trend micro,,Impact,Impact C,AU,trend micro,14800,NOT VERIFIED,USD,CPS,NOT VERIFIED,NOT VERIFIED,3.53,USD,DataForSEO Google Ads (average CPC),2026-10-03,NOT VERIFIED,NOT VERIFIED,NOT VERIFIED,NOT VERIFIED,,,,,,4,LOW,DO NOT TEST,real payout: payout value NOT VERIFIED; commercial intent (HIGH / MEDIUM / LOW with a short reason); paid search allowed?; brand bidding allowed?; direct linking allowed?; offer status (active?); affiliate link; tracking reliability (HIGH / MEDIUM / LOW); can conversions be reconciled with the network?,restrictions to read before launch: read terms: https://app.impact.com/Mediapartners/IR6uoKsVEBM92349536mSxRD7ykuLtunp1/Campaigns/12775/PublicTerms,
kaspersky,Computer & Electronics > Computer SW,CJ,CJ,GB,kaspersky,12100,NOT VERIFIED,NOT VERIFIED,CPS,NOT VERIFIED,NOT VERIFIED,1.82,USD,DataForSEO Google Ads (average CPC),2026-10-03,NOT VERIFIED,NOT VERIFIED,NOT VERIFIED,NOT VERIFIED,,,,,,8,LOW,DO NOT TEST,real payout: payout value NOT VERIFIED; commercial intent (HIGH / MEDIUM / LOW with a short reason); paid search allowed?; brand bidding allowed?; direct linking allowed?; offer status (active?); affiliate link; tracking reliability (HIGH / MEDIUM / LOW); can conversions be reconciled with the network?,,
veepn,Online Services > Web Tools,CJ,CJ,US,veepn,12100,NOT VERIFIED,NOT VERIFIED,CPS,NOT VERIFIED,NOT VERIFIED,1.84,USD,DataForSEO Google Ads (average CPC),2026-10-03,NOT VERIFIED,NOT VERIFIED,NOT VERIFIED,NOT VERIFIED,,,,,,8,LOW,DO NOT TEST,real payout: payout value NOT VERIFIED; commercial intent (HIGH / MEDIUM / LOW with a short reason); paid search allowed?; brand bidding allowed?; direct linking allowed?; offer status (active?); affiliate link; tracking reliability (HIGH / MEDIUM / LOW); can conversions be reconciled with the network?,,
cloudways,,Impact,Impact NYJL,US,cloudways,12100,NOT VERIFIED,USD,CPL,NOT VERIFIED,NOT VERIFIED,4.48,USD,DataForSEO Google Ads (average CPC),2026-10-03,NOT VERIFIED,NOT VERIFIED,NOT VERIFIED,NOT VERIFIED,,,,,,0,LOW,DO NOT TEST,real payout: payout value NOT VERIFIED; commercial intent (HIGH / MEDIUM / LOW with a short reason); paid search allowed?; brand bidding allowed?; direct linking allowed?; offer status (active?); affiliate link; tracking reliability (HIGH / MEDIUM / LOW); can conversions be reconciled with the network?,restrictions to read before launch: read terms: https://app.impact.com/Mediapartners/IRMzcDLLRBgC27859fLsNiJEwGoUpdMew1/Campaigns/32485/PublicTerms,
torras,,Impact,Impact NYJL,US,torras,12100,NOT VERIFIED,USD,CPS,NOT VERIFIED,NOT VERIFIED,1.44,USD,DataForSEO Google Ads (average CPC),2026-10-03,NOT VERIFIED,NOT VERIFIED,NOT VERIFIED,NOT VERIFIED,,,,,,8,LOW,DO NOT TEST,real payout: payout value NOT VERIFIED; commercial intent (HIGH / MEDIUM / LOW with a short reason); paid search allowed?; brand bidding allowed?; direct linking allowed?; offer status (active?); affiliate link; tracking reliability (HIGH / MEDIUM / LOW); can conversions be reconciled with the network?,restrictions to read before launch: read terms: https://app.impact.com/Mediapartners/IRMzcDLLRBgC27859fLsNiJEwGoUpdMew1/Campaigns/28430/PublicTerms,
aosom,,Impact,Impact C,GB,aosom,12100,NOT VERIFIED,GBP,CPS,NOT VERIFIED,NOT VERIFIED,1.07,USD,DataForSEO Google Ads (average CPC),2026-10-03,NOT VERIFIED,NOT VERIFIED,NOT VERIFIED,NOT VERIFIED,,,,,,8,LOW,DO NOT TEST,real payout: payout value NOT VERIFIED; commercial intent (HIGH / MEDIUM / LOW with a short reason); paid search allowed?; brand bidding allowed?; direct linking allowed?; offer status (active?); affiliate link; tracking reliability (HIGH / MEDIUM / LOW); can conversions be reconciled with the network?,restrictions to read before launch: read terms: https://app.impact.com/Mediapartners/IR6uoKsVEBM92349536mSxRD7ykuLtunp1/Campaigns/16902/PublicTerms,
renderforest,,Impact,Impact C,US,renderforest,12100,NOT VERIFIED,USD,CPS,NOT VERIFIED,NOT VERIFIED,4.61,USD,DataForSEO Google Ads (average CPC),2026-10-03,NOT VERIFIED,NOT VERIFIED,NOT VERIFIED,NOT VERIFIED,,,,,,0,LOW,DO NOT TEST,real payout: payout value NOT VERIFIED; commercial intent (HIGH / MEDIUM / LOW with a short reason); paid search allowed?; brand bidding allowed?; direct linking allowed?; offer status (active?); affiliate link; tracking reliability (HIGH / MEDIUM / LOW); can conversions be reconciled with the network?,restrictions to read before launch: read terms: https://app.impact.com/Mediapartners/IR6uoKsVEBM92349536mSxRD7ykuLtunp1/Campaigns/14885/PublicTerms,
acronis,Computer & Electronics > Computer SW,CJ,CJ,US,acronis,9900,NOT VERIFIED,NOT VERIFIED,CPS,NOT VERIFIED,NOT VERIFIED,9.07,USD,DataForSEO Google Ads (average CPC),2026-10-03,NOT VERIFIED,NOT VERIFIED,NOT VERIFIED,NOT VERIFIED,,,,,,0,LOW,DO NOT TEST,real payout: payout value NOT VERIFIED; commercial intent (HIGH / MEDIUM / LOW with a short reason); paid search allowed?; brand bidding allowed?; direct linking allowed?; offer status (active?); affiliate link; tracking reliability (HIGH / MEDIUM / LOW); can conversions be reconciled with the network?,,
aiper,Home & Garden > Garden,CJ,CJ,US,aiper,9900,NOT VERIFIED,NOT VERIFIED,CPS,NOT VERIFIED,NOT VERIFIED,3.00,USD,DataForSEO Google Ads (average CPC),2026-10-03,NOT VERIFIED,NOT VERIFIED,NOT VERIFIED,NOT VERIFIED,,,,,,4,LOW,DO NOT TEST,real payout: payout value NOT VERIFIED; commercial intent (HIGH / MEDIUM / LOW with a short reason); paid search allowed?; brand bidding allowed?; direct linking allowed?; offer status (active?); affiliate link; tracking reliability (HIGH / MEDIUM / LOW); can conversions be reconciled with the network?,,
movavi,Computer & Electronics > Computer SW,CJ,CJ,US,movavi,9900,NOT VERIFIED,NOT VERIFIED,HYBRID,NOT VERIFIED,NOT VERIFIED,2.57,USD,DataForSEO Google Ads (average CPC),2026-10-03,NOT VERIFIED,NOT VERIFIED,NOT VERIFIED,NOT VERIFIED,,,,,,4,LOW,DO NOT TEST,real payout: payout value NOT VERIFIED; commercial intent (HIGH / MEDIUM / LOW with a short reason); paid search allowed?; brand bidding allowed?; direct linking allowed?; offer status (active?); affiliate link; tracking reliability (HIGH / MEDIUM / LOW); can conversions be reconciled with the network?,,
inmotion hosting,,Impact,Impact NYJL,US,inmotion hosting,9900,NOT VERIFIED,USD,HYBRID,NOT VERIFIED,NOT VERIFIED,1.16,USD,DataForSEO Google Ads (average CPC),2026-10-03,NOT VERIFIED,NOT VERIFIED,NOT VERIFIED,NOT VERIFIED,,,,,,8,LOW,DO NOT TEST,real payout: payout value NOT VERIFIED; commercial intent (HIGH / MEDIUM / LOW with a short reason); paid search allowed?; brand bidding allowed?; direct linking allowed?; offer status (active?); affiliate link; tracking reliability (HIGH / MEDIUM / LOW); can conversions be reconciled with the network?,restrictions to read before launch: read terms: https://app.impact.com/Mediapartners/IRMzcDLLRBgC27859fLsNiJEwGoUpdMew1/Campaigns/4222/PublicTerms,
tiny land,,Impact,Impact NYJL,US,tiny land,9900,NOT VERIFIED,USD,CPS,NOT VERIFIED,NOT VERIFIED,1.46,USD,DataForSEO Google Ads (average CPC),2026-10-03,NOT VERIFIED,NOT VERIFIED,NOT VERIFIED,NOT VERIFIED,,,,,,8,LOW,DO NOT TEST,real payout: payout value NOT VERIFIED; commercial intent (HIGH / MEDIUM / LOW with a short reason); paid search allowed?; brand bidding allowed?; direct linking allowed?; offer status (active?); affiliate link; tracking reliability (HIGH / MEDIUM / LOW); can conversions be reconciled with the network?,restrictions to read before launch: read terms: https://app.impact.com/Mediapartners/IRMzcDLLRBgC27859fLsNiJEwGoUpdMew1/Campaigns/19135/PublicTerms,
avira,,Impact,Impact C,US,avira,9900,NOT VERIFIED,USD,CPS,NOT VERIFIED,NOT VERIFIED,6.21,USD,DataForSEO Google Ads (average CPC),2026-10-03,NOT VERIFIED,NOT VERIFIED,NOT VERIFIED,NOT VERIFIED,,,,,,0,LOW,DO NOT TEST,real payout: payout value NOT VERIFIED; commercial intent (HIGH / MEDIUM / LOW with a short reason); paid search allowed?; brand bidding allowed?; direct linking allowed?; offer status (active?); affiliate link; tracking reliability (HIGH / MEDIUM / LOW); can conversions be reconciled with the network?,restrictions to read before launch: read terms: https://app.impact.com/Mediapartners/IR6uoKsVEBM92349536mSxRD7ykuLtunp1/Campaigns/18748/PublicTerms,
imyfone,,Impact,Impact C,US,imyfone,9900,NOT VERIFIED,USD,CPS,NOT VERIFIED,NOT VERIFIED,1.29,USD,DataForSEO Google Ads (average CPC),2026-10-03,NOT VERIFIED,NOT VERIFIED,NOT VERIFIED,NOT VERIFIED,,,,,,8,LOW,DO NOT TEST,real payout: payout value NOT VERIFIED; commercial intent (HIGH / MEDIUM / LOW with a short reason); paid search allowed?; brand bidding allowed?; direct linking allowed?; offer status (active?); affiliate link; tracking reliability (HIGH / MEDIUM / LOW); can conversions be reconciled with the network?,restrictions to read before launch: read terms: https://app.impact.com/Mediapartners/IR6uoKsVEBM92349536mSxRD7ykuLtunp1/Campaigns/10013/PublicTerms,
contabo,Online Services > Web Hosting/Servers,CJ,CJ,US,contabo,8100,NOT VERIFIED,NOT VERIFIED,CPA,NOT VERIFIED,NOT VERIFIED,3.91,USD,DataForSEO Google Ads (average CPC),2026-10-03,NOT VERIFIED,NOT VERIFIED,NOT VERIFIED,NOT VERIFIED,,,,,,4,LOW,DO NOT TEST,real payout: payout value NOT VERIFIED; commercial intent (HIGH / MEDIUM / LOW with a short reason); paid search allowed?; brand bidding allowed?; direct linking allowed?; offer status (active?); affiliate link; tracking reliability (HIGH / MEDIUM / LOW); can conversions be reconciled with the network?,,
dynadot,Online Services > Domain Registrations,CJ,CJ,US,dynadot,8100,NOT VERIFIED,NOT VERIFIED,HYBRID,NOT VERIFIED,NOT VERIFIED,1.43,USD,DataForSEO Google Ads (average CPC),2026-10-03,NOT VERIFIED,NOT VERIFIED,NOT VERIFIED,NOT VERIFIED,,,,,,8,LOW,DO NOT TEST,real payout: payout value NOT VERIFIED; commercial intent (HIGH / MEDIUM / LOW with a short reason); paid search allowed?; brand bidding allowed?; direct linking allowed?; offer status (active?); affiliate link; tracking reliability (HIGH / MEDIUM / LOW); can conversions be reconciled with the network?,,
aosom,,Impact,Impact C,CA,aosom,8100,NOT VERIFIED,CAD,CPS,NOT VERIFIED,NOT VERIFIED,0.43,USD,DataForSEO Google Ads (average CPC),2026-10-03,NOT VERIFIED,NOT VERIFIED,NOT VERIFIED,NOT VERIFIED,,,,,,16,LOW,DO NOT TEST,real payout: payout value NOT VERIFIED; commercial intent (HIGH / MEDIUM / LOW with a short reason); paid search allowed?; brand bidding allowed?; direct linking allowed?; offer status (active?); affiliate link; tracking reliability (HIGH / MEDIUM / LOW); can conversions be reconciled with the network?,restrictions to read before launch: read terms: https://app.impact.com/Mediapartners/IR6uoKsVEBM92349536mSxRD7ykuLtunp1/Campaigns/16901/PublicTerms,
identity guard,,Impact,Impact C,US,identity guard,8100,NOT VERIFIED,USD,HYBRID,NOT VERIFIED,NOT VERIFIED,8.53,USD,DataForSEO Google Ads (average CPC),2026-10-03,NOT VERIFIED,NOT VERIFIED,NOT VERIFIED,NOT VERIFIED,,,,,,0,LOW,DO NOT TEST,real payout: payout value NOT VERIFIED; commercial intent (HIGH / MEDIUM / LOW with a short reason); paid search allowed?; brand bidding allowed?; direct linking allowed?; offer status (active?); affiliate link; tracking reliability (HIGH / MEDIUM / LOW); can conversions be reconciled with the network?,restrictions to read before launch: read terms: https://app.impact.com/Mediapartners/IR6uoKsVEBM92349536mSxRD7ykuLtunp1/Campaigns/8563/PublicTerms,
abracadabra nyc,Gifts & Flowers > Collectibles,CJ,CJ,US,abracadabra nyc,6600,NOT VERIFIED,NOT VERIFIED,CPS,NOT VERIFIED,NOT VERIFIED,0.69,USD,DataForSEO Google Ads (average CPC),2026-10-03,NOT VERIFIED,NOT VERIFIED,NOT VERIFIED,NOT VERIFIED,,,,,,12,LOW,DO NOT TEST,real payout: payout value NOT VERIFIED; commercial intent (HIGH / MEDIUM / LOW with a short reason); paid search allowed?; brand bidding allowed?; direct linking allowed?; offer status (active?); affiliate link; tracking reliability (HIGH / MEDIUM / LOW); can conversions be reconciled with the network?,,
kaspersky,Computer & Electronics > Computer SW,CJ,CJ,AU,kaspersky,6600,NOT VERIFIED,NOT VERIFIED,CPS,NOT VERIFIED,NOT VERIFIED,3.23,USD,DataForSEO Google Ads (average CPC),2026-10-03,NOT VERIFIED,NOT VERIFIED,NOT VERIFIED,NOT VERIFIED,,,,,,4,LOW,DO NOT TEST,real payout: payout value NOT VERIFIED; commercial intent (HIGH / MEDIUM / LOW with a short reason); paid search allowed?; brand bidding allowed?; direct linking allowed?; offer status (active?); affiliate link; tracking reliability (HIGH / MEDIUM / LOW); can conversions be reconciled with the network?,,
kaspersky,Computer & Electronics > Computer SW,CJ,CJ,CZ,kaspersky,6600,NOT VERIFIED,NOT VERIFIED,CPS,NOT VERIFIED,NOT VERIFIED,1.94,USD,DataForSEO Google Ads (average CPC),2026-10-03,NOT VERIFIED,NOT VERIFIED,NOT VERIFIED,NOT VERIFIED,,,,,,8,LOW,DO NOT TEST,real payout: payout value NOT VERIFIED; commercial intent (HIGH / MEDIUM / LOW with a short reason); paid search allowed?; brand bidding allowed?; direct linking allowed?; offer status (active?); affiliate link; tracking reliability (HIGH / MEDIUM / LOW); can conversions be reconciled with the network?,,
maya mobile,,Impact,Impact NYJL,US,maya mobile,6600,NOT VERIFIED,USD,CPS,NOT VERIFIED,NOT VERIFIED,3.29,USD,DataForSEO Google Ads (average CPC),2026-10-03,NOT VERIFIED,NOT VERIFIED,NOT VERIFIED,NOT VERIFIED,,,,,,4,LOW,DO NOT TEST,real payout: payout value NOT VERIFIED; commercial intent (HIGH / MEDIUM / LOW with a short reason); paid search allowed?; brand bidding allowed?; direct linking allowed?; offer status (active?); affiliate link; tracking reliability (HIGH / MEDIUM / LOW); can conversions be reconciled with the network?,restrictions to read before launch: read terms: https://app.impact.com/Mediapartners/IRMzcDLLRBgC27859fLsNiJEwGoUpdMew1/Campaigns/49401/PublicTerms,
silksilky,,Impact,Impact C,US,silksilky,6600,NOT VERIFIED,USD,CPS,NOT VERIFIED,NOT VERIFIED,4.19,USD,DataForSEO Google Ads (average CPC),2026-10-03,NOT VERIFIED,NOT VERIFIED,NOT VERIFIED,NOT VERIFIED,,,,,,0,LOW,DO NOT TEST,real payout: payout value NOT VERIFIED; commercial intent (HIGH / MEDIUM / LOW with a short reason); paid search allowed?; brand bidding allowed?; direct linking allowed?; offer status (active?); affiliate link; tracking reliability (HIGH / MEDIUM / LOW); can conversions be reconciled with the network?,restrictions to read before launch: read terms: https://app.impact.com/Mediapartners/IR6uoKsVEBM92349536mSxRD7ykuLtunp1/Campaigns/22953/PublicTerms,
gearup booster,Games & Toys > Electronic Games,CJ,CJ,US,gearup booster,5400,NOT VERIFIED,NOT VERIFIED,CPS,NOT VERIFIED,NOT VERIFIED,0.47,USD,DataForSEO Google Ads (average CPC),2026-10-03,NOT VERIFIED,NOT VERIFIED,NOT VERIFIED,NOT VERIFIED,,,,,,16,LOW,DO NOT TEST,real payout: payout value NOT VERIFIED; commercial intent (HIGH / MEDIUM / LOW with a short reason); paid search allowed?; brand bidding allowed?; direct linking allowed?; offer status (active?); affiliate link; tracking reliability (HIGH / MEDIUM / LOW); can conversions be reconciled with the network?,,
angles90,,Impact,Impact NYJL,US,angles90,5400,NOT VERIFIED,EUR,CPS,NOT VERIFIED,NOT VERIFIED,0.56,USD,DataForSEO Google Ads (average CPC),2026-10-03,NOT VERIFIED,NOT VERIFIED,NOT VERIFIED,NOT VERIFIED,,,,,,16,LOW,DO NOT TEST,real payout: payout value NOT VERIFIED; commercial intent (HIGH / MEDIUM / LOW with a short reason); paid search allowed?; brand bidding allowed?; direct linking allowed?; offer status (active?); affiliate link; tracking reliability (HIGH / MEDIUM / LOW); can conversions be reconciled with the network?,restrictions to read before launch: read terms: https://app.impact.com/Mediapartners/IRMzcDLLRBgC27859fLsNiJEwGoUpdMew1/Campaigns/24273/PublicTerms,
gemini exchange,,Impact,Impact NYJL,US,gemini exchange,5400,NOT VERIFIED,USD,HYBRID,NOT VERIFIED,NOT VERIFIED,18.06,USD,DataForSEO Google Ads (average CPC),2026-10-03,NOT VERIFIED,NOT VERIFIED,NOT VERIFIED,NOT VERIFIED,,,,,,0,LOW,DO NOT TEST,real payout: payout value NOT VERIFIED; commercial intent (HIGH / MEDIUM / LOW with a short reason); paid search allowed?; brand bidding allowed?; direct linking allowed?; offer status (active?); affiliate link; tracking reliability (HIGH / MEDIUM / LOW); can conversions be reconciled with the network?,restrictions to read before launch: read terms: https://app.impact.com/Mediapartners/IRMzcDLLRBgC27859fLsNiJEwGoUpdMew1/Campaigns/11829/PublicTerms,
classdojo tutor,,Impact,Impact C,US,classdojo tutor,5400,NOT VERIFIED,USD,CPA,NOT VERIFIED,NOT VERIFIED,1.99,USD,DataForSEO Google Ads (average CPC),2026-10-03,NOT VERIFIED,NOT VERIFIED,NOT VERIFIED,NOT VERIFIED,,,,,,8,LOW,DO NOT TEST,real payout: payout value NOT VERIFIED; commercial intent (HIGH / MEDIUM / LOW with a short reason); paid search allowed?; brand bidding allowed?; direct linking allowed?; offer status (active?); affiliate link; tracking reliability (HIGH / MEDIUM / LOW); can conversions be reconciled with the network?,restrictions to read before launch: read terms: https://app.impact.com/Mediapartners/IR6uoKsVEBM92349536mSxRD7ykuLtunp1/Campaigns/55482/PublicTerms,
isinwheel,,Impact,Impact C,FR,isinwheel,5400,NOT VERIFIED,EUR,CPS,NOT VERIFIED,NOT VERIFIED,1.04,USD,DataForSEO Google Ads (average CPC),2026-10-03,NOT VERIFIED,NOT VERIFIED,NOT VERIFIED,NOT VERIFIED,,,,,,8,LOW,DO NOT TEST,real payout: payout value NOT VERIFIED; commercial intent (HIGH / MEDIUM / LOW with a short reason); paid search allowed?; brand bidding allowed?; direct linking allowed?; offer status (active?); affiliate link; tracking reliability (HIGH / MEDIUM / LOW); can conversions be reconciled with the network?,restrictions to read before launch: read terms: https://app.impact.com/Mediapartners/IR6uoKsVEBM92349536mSxRD7ykuLtunp1/Campaigns/15812/PublicTerms,
purevpn,,Impact,Impact C,US,purevpn,5400,NOT VERIFIED,USD,CPS,NOT VERIFIED,NOT VERIFIED,3.89,USD,DataForSEO Google Ads (average CPC),2026-10-03,NOT VERIFIED,NOT VERIFIED,NOT VERIFIED,NOT VERIFIED,,,,,,4,LOW,DO NOT TEST,real payout: payout value NOT VERIFIED; commercial intent (HIGH / MEDIUM / LOW with a short reason); paid search allowed?; brand bidding allowed?; direct linking allowed?; offer status (active?); affiliate link; tracking reliability (HIGH / MEDIUM / LOW); can conversions be reconciled with the network?,restrictions to read before launch: read terms: https://app.impact.com/Mediapartners/IR6uoKsVEBM92349536mSxRD7ykuLtunp1/Campaigns/21670/PublicTerms,
updf,Business > Productivity Tools,CJ,CJ,US,updf,4400,NOT VERIFIED,NOT VERIFIED,CPS,NOT VERIFIED,NOT VERIFIED,4.99,USD,DataForSEO Google Ads (average CPC),2026-10-03,NOT VERIFIED,NOT VERIFIED,NOT VERIFIED,NOT VERIFIED,,,,,,0,LOW,DO NOT TEST,real payout: payout value NOT VERIFIED; commercial intent (HIGH / MEDIUM / LOW with a short reason); paid search allowed?; brand bidding allowed?; direct linking allowed?; offer status (active?); affiliate link; tracking reliability (HIGH / MEDIUM / LOW); can conversions be reconciled with the network?,,
fofana,,Impact,Impact NYJL,US,fofana,4400,NOT VERIFIED,EUR,CPS,NOT VERIFIED,NOT VERIFIED,0.94,USD,DataForSEO Google Ads (average CPC),2026-10-03,NOT VERIFIED,NOT VERIFIED,NOT VERIFIED,NOT VERIFIED,,,,,,12,LOW,DO NOT TEST,real payout: payout value NOT VERIFIED; commercial intent (HIGH / MEDIUM / LOW with a short reason); paid search allowed?; brand bidding allowed?; direct linking allowed?; offer status (active?); affiliate link; tracking reliability (HIGH / MEDIUM / LOW); can conversions be reconciled with the network?,restrictions to read before launch: read terms: https://app.impact.com/Mediapartners/IRMzcDLLRBgC27859fLsNiJEwGoUpdMew1/Campaigns/18091/PublicTerms,
kamatera,,Impact,Impact C,US,kamatera,4400,NOT VERIFIED,USD,CPA,NOT VERIFIED,NOT VERIFIED,11.83,USD,DataForSEO Google Ads (average CPC),2026-10-03,NOT VERIFIED,NOT VERIFIED,NOT VERIFIED,NOT VERIFIED,,,,,,0,LOW,DO NOT TEST,real payout: payout value NOT VERIFIED; commercial intent (HIGH / MEDIUM / LOW with a short reason); paid search allowed?; brand bidding allowed?; direct linking allowed?; offer status (active?); affiliate link; tracking reliability (HIGH / MEDIUM / LOW); can conversions be reconciled with the network?,restrictions to read before launch: read terms: https://app.impact.com/Mediapartners/IR6uoKsVEBM92349536mSxRD7ykuLtunp1/Campaigns/36439/PublicTerms,
vista social,,Impact,Impact C,US,vista social,4400,NOT VERIFIED,USD,CPS,NOT VERIFIED,NOT VERIFIED,2.42,USD,DataForSEO Google Ads (average CPC),2026-10-03,NOT VERIFIED,NOT VERIFIED,NOT VERIFIED,NOT VERIFIED,,,,,,4,LOW,DO NOT TEST,real payout: payout value NOT VERIFIED; commercial intent (HIGH / MEDIUM / LOW with a short reason); paid search allowed?; brand bidding allowed?; direct linking allowed?; offer status (active?); affiliate link; tracking reliability (HIGH / MEDIUM / LOW); can conversions be reconciled with the network?,restrictions to read before launch: read terms: https://app.impact.com/Mediapartners/IR6uoKsVEBM92349536mSxRD7ykuLtunp1/Campaigns/33456/PublicTerms,
aomei,Computer & Electronics > Computer SW,CJ,CJ,US,aomei,3600,NOT VERIFIED,NOT VERIFIED,CPS,NOT VERIFIED,NOT VERIFIED,0.64,USD,DataForSEO Google Ads (average CPC),2026-10-03,NOT VERIFIED,NOT VERIFIED,NOT VERIFIED,NOT VERIFIED,,,,,,12,LOW,DO NOT TEST,real payout: payout value NOT VERIFIED; commercial intent (HIGH / MEDIUM / LOW with a short reason); paid search allowed?; brand bidding allowed?; direct linking allowed?; offer status (active?); affiliate link; tracking reliability (HIGH / MEDIUM / LOW); can conversions be reconciled with the network?,,
amotopart,,Impact,Impact NYJL,US,amotopart,3600,NOT VERIFIED,USD,CPS,NOT VERIFIED,NOT VERIFIED,0.50,USD,DataForSEO Google Ads (average CPC),2026-10-03,NOT VERIFIED,NOT VERIFIED,NOT VERIFIED,NOT VERIFIED,,,,,,16,LOW,DO NOT TEST,real payout: payout value NOT VERIFIED; commercial intent (HIGH / MEDIUM / LOW with a short reason); paid search allowed?; brand bidding allowed?; direct linking allowed?; offer status (active?); affiliate link; tracking reliability (HIGH / MEDIUM / LOW); can conversions be reconciled with the network?,restrictions to read before launch: read terms: https://app.impact.com/Mediapartners/IRMzcDLLRBgC27859fLsNiJEwGoUpdMew1/Campaigns/24551/PublicTerms,
pelago,,Impact,Impact NYJL,US,pelago,3600,NOT VERIFIED,SGD,CPS,NOT VERIFIED,NOT VERIFIED,0.79,USD,DataForSEO Google Ads (average CPC),2026-10-03,NOT VERIFIED,NOT VERIFIED,NOT VERIFIED,NOT VERIFIED,,,,,,12,LOW,DO NOT TEST,real payout: payout value NOT VERIFIED; commercial intent (HIGH / MEDIUM / LOW with a short reason); paid search allowed?; brand bidding allowed?; direct linking allowed?; offer status (active?); affiliate link; tracking reliability (HIGH / MEDIUM / LOW); can conversions be reconciled with the network?,restrictions to read before launch: read terms: https://app.impact.com/Mediapartners/IRMzcDLLRBgC27859fLsNiJEwGoUpdMew1/Campaigns/22181/PublicTerms,
ticketnetwork,,Impact,Impact NYJL,US,ticketnetwork,3600,NOT VERIFIED,USD,CPS,NOT VERIFIED,NOT VERIFIED,1.83,USD,DataForSEO Google Ads (average CPC),2026-10-03,NOT VERIFIED,NOT VERIFIED,NOT VERIFIED,NOT VERIFIED,,,,,,8,LOW,DO NOT TEST,real payout: payout value NOT VERIFIED; commercial intent (HIGH / MEDIUM / LOW with a short reason); paid search allowed?; brand bidding allowed?; direct linking allowed?; offer status (active?); affiliate link; tracking reliability (HIGH / MEDIUM / LOW); can conversions be reconciled with the network?,restrictions to read before launch: read terms: https://app.impact.com/Mediapartners/IRMzcDLLRBgC27859fLsNiJEwGoUpdMew1/Campaigns/2322/PublicTerms,
popai,,Impact,Impact C,US,popai,3600,NOT VERIFIED,USD,HYBRID,NOT VERIFIED,NOT VERIFIED,2.40,USD,DataForSEO Google Ads (average CPC),2026-10-03,NOT VERIFIED,NOT VERIFIED,NOT VERIFIED,NOT VERIFIED,,,,,,4,LOW,DO NOT TEST,real payout: payout value NOT VERIFIED; commercial intent (HIGH / MEDIUM / LOW with a short reason); paid search allowed?; brand bidding allowed?; direct linking allowed?; offer status (active?); affiliate link; tracking reliability (HIGH / MEDIUM / LOW); can conversions be reconciled with the network?,restrictions to read before launch: read terms: https://app.impact.com/Mediapartners/IR6uoKsVEBM92349536mSxRD7ykuLtunp1/Campaigns/50251/PublicTerms,
spaceship domains,,Impact,Impact C,US,spaceship domains,3600,NOT VERIFIED,USD,CPS,NOT VERIFIED,NOT VERIFIED,7.96,USD,DataForSEO Google Ads (average CPC),2026-10-03,NOT VERIFIED,NOT VERIFIED,NOT VERIFIED,NOT VERIFIED,,,,,,0,LOW,DO NOT TEST,real payout: payout value NOT VERIFIED; commercial intent (HIGH / MEDIUM / LOW with a short reason); paid search allowed?; brand bidding allowed?; direct linking allowed?; offer status (active?); affiliate link; tracking reliability (HIGH / MEDIUM / LOW); can conversions be reconciled with the network?,restrictions to read before launch: read terms: https://app.impact.com/Mediapartners/IR6uoKsVEBM92349536mSxRD7ykuLtunp1/Campaigns/21274/PublicTerms,
12go,Business > Travel,CJ,CJ,US,12go,2900,NOT VERIFIED,NOT VERIFIED,CPS,NOT VERIFIED,NOT VERIFIED,1.09,USD,DataForSEO Google Ads (average CPC),2026-10-03,NOT VERIFIED,NOT VERIFIED,NOT VERIFIED,NOT VERIFIED,,,,,,8,LOW,DO NOT TEST,real payout: payout value NOT VERIFIED; commercial intent (HIGH / MEDIUM / LOW with a short reason); paid search allowed?; brand bidding allowed?; direct linking allowed?; offer status (active?); affiliate link; tracking reliability (HIGH / MEDIUM / LOW); can conversions be reconciled with the network?,,
hostpapa,Online Services > Web Hosting/Servers,CJ,CJ,US,hostpapa,2900,NOT VERIFIED,NOT VERIFIED,HYBRID,NOT VERIFIED,NOT VERIFIED,2.49,USD,DataForSEO Google Ads (average CPC),2026-10-03,NOT VERIFIED,NOT VERIFIED,NOT VERIFIED,NOT VERIFIED,,,,,,4,LOW,DO NOT TEST,real payout: payout value NOT VERIFIED; commercial intent (HIGH / MEDIUM / LOW with a short reason); paid search allowed?; brand bidding allowed?; direct linking allowed?; offer status (active?); affiliate link; tracking reliability (HIGH / MEDIUM / LOW); can conversions be reconciled with the network?,,
envato market,,Impact,Impact NYJL,US,envato market,2900,NOT VERIFIED,USD,CPS,NOT VERIFIED,NOT VERIFIED,0.91,USD,DataForSEO Google Ads (average CPC),2026-10-03,NOT VERIFIED,NOT VERIFIED,NOT VERIFIED,NOT VERIFIED,,,,,,12,LOW,DO NOT TEST,real payout: payout value NOT VERIFIED; commercial intent (HIGH / MEDIUM / LOW with a short reason); paid search allowed?; brand bidding allowed?; direct linking allowed?; offer status (active?); affiliate link; tracking reliability (HIGH / MEDIUM / LOW); can conversions be reconciled with the network?,restrictions to read before launch: read terms: https://app.impact.com/Mediapartners/IRMzcDLLRBgC27859fLsNiJEwGoUpdMew1/Campaigns/4415/PublicTerms,
jackery,,Impact,Impact NYJL,NL,jackery,2900,NOT VERIFIED,EUR,CPS,NOT VERIFIED,NOT VERIFIED,3.01,USD,DataForSEO Google Ads (average CPC),2026-10-03,NOT VERIFIED,NOT VERIFIED,NOT VERIFIED,NOT VERIFIED,,,,,,4,LOW,DO NOT TEST,real payout: payout value NOT VERIFIED; commercial intent (HIGH / MEDIUM / LOW with a short reason); paid search allowed?; brand bidding allowed?; direct linking allowed?; offer status (active?); affiliate link; tracking reliability (HIGH / MEDIUM / LOW); can conversions be reconciled with the network?,restrictions to read before launch: read terms: https://app.impact.com/Mediapartners/IRMzcDLLRBgC27859fLsNiJEwGoUpdMew1/Campaigns/20686/PublicTerms,
nordlayer,,Impact,Impact C,US,nordlayer,2900,NOT VERIFIED,USD,CPS,NOT VERIFIED,NOT VERIFIED,1.78,USD,DataForSEO Google Ads (average CPC),2026-10-03,NOT VERIFIED,NOT VERIFIED,NOT VERIFIED,NOT VERIFIED,,,,,,8,LOW,DO NOT TEST,real payout: payout value NOT VERIFIED; commercial intent (HIGH / MEDIUM / LOW with a short reason); paid search allowed?; brand bidding allowed?; direct linking allowed?; offer status (active?); affiliate link; tracking reliability (HIGH / MEDIUM / LOW); can conversions be reconciled with the network?,restrictions to read before launch: read terms: https://app.impact.com/Mediapartners/IR6uoKsVEBM92349536mSxRD7ykuLtunp1/Campaigns/29283/PublicTerms,
intego,Computer & Electronics > Computer SW,CJ,CJ,US,intego,2400,NOT VERIFIED,NOT VERIFIED,CPS,NOT VERIFIED,NOT VERIFIED,5.35,USD,DataForSEO Google Ads (average CPC),2026-10-03,NOT VERIFIED,NOT VERIFIED,NOT VERIFIED,NOT VERIFIED,,,,,,0,LOW,DO NOT TEST,real payout: payout value NOT VERIFIED; commercial intent (HIGH / MEDIUM / LOW with a short reason); paid search allowed?; brand bidding allowed?; direct linking allowed?; offer status (active?); affiliate link; tracking reliability (HIGH / MEDIUM / LOW); can conversions be reconciled with the network?,,
rexing,Automotive > Cars & Trucks,CJ,CJ,US,rexing,2400,NOT VERIFIED,NOT VERIFIED,CPS,NOT VERIFIED,NOT VERIFIED,0.65,USD,DataForSEO Google Ads (average CPC),2026-10-03,NOT VERIFIED,NOT VERIFIED,NOT VERIFIED,NOT VERIFIED,,,,,,12,LOW,DO NOT TEST,real payout: payout value NOT VERIFIED; commercial intent (HIGH / MEDIUM / LOW with a short reason); paid search allowed?; brand bidding allowed?; direct linking allowed?; offer status (active?); affiliate link; tracking reliability (HIGH / MEDIUM / LOW); can conversions be reconciled with the network?,,
byteplus,,Impact,Impact NYJL,US,byteplus,2400,NOT VERIFIED,USD,CPS,NOT VERIFIED,NOT VERIFIED,14.30,USD,DataForSEO Google Ads (average CPC),2026-10-03,NOT VERIFIED,NOT VERIFIED,NOT VERIFIED,NOT VERIFIED,,,,,,0,LOW,DO NOT TEST,real payout: payout value NOT VERIFIED; commercial intent (HIGH / MEDIUM / LOW with a short reason); paid search allowed?; brand bidding allowed?; direct linking allowed?; offer status (active?); affiliate link; tracking reliability (HIGH / MEDIUM / LOW); can conversions be reconciled with the network?,restrictions to read before launch: read terms: https://app.impact.com/Mediapartners/IRMzcDLLRBgC27859fLsNiJEwGoUpdMew1/Campaigns/48404/PublicTerms,
ashampoo,Computer & Electronics > Computer SW,CJ,CJ,US,ashampoo,1900,NOT VERIFIED,NOT VERIFIED,HYBRID,NOT VERIFIED,NOT VERIFIED,4.32,USD,DataForSEO Google Ads (average CPC),2026-10-03,NOT VERIFIED,NOT VERIFIED,NOT VERIFIED,NOT VERIFIED,,,,,,0,LOW,DO NOT TEST,real payout: payout value NOT VERIFIED; commercial intent (HIGH / MEDIUM / LOW with a short reason); paid search allowed?; brand bidding allowed?; direct linking allowed?; offer status (active?); affiliate link; tracking reliability (HIGH / MEDIUM / LOW); can conversions be reconciled with the network?,,
quarkxpress,Computer & Electronics > Consumer Electronics,CJ,CJ,US,quarkxpress,1900,NOT VERIFIED,NOT VERIFIED,CPA,NOT VERIFIED,NOT VERIFIED,0.55,USD,DataForSEO Google Ads (average CPC),2026-10-03,NOT VERIFIED,NOT VERIFIED,NOT VERIFIED,NOT VERIFIED,,,,,,16,LOW,DO NOT TEST,real payout: payout value NOT VERIFIED; commercial intent (HIGH / MEDIUM / LOW with a short reason); paid search allowed?; brand bidding allowed?; direct linking allowed?; offer status (active?); affiliate link; tracking reliability (HIGH / MEDIUM / LOW); can conversions be reconciled with the network?,,
byre,,Impact,Impact NYJL,GB,byre,1900,NOT VERIFIED,EUR,CPS,NOT VERIFIED,NOT VERIFIED,CPC NOT AVAILABLE,NOT VERIFIED,,,NOT VERIFIED,NOT VERIFIED,NOT VERIFIED,NOT VERIFIED,,,,,,0,LOW,DO NOT TEST,"CPC NOT AVAILABLE (record CPC, currency, source and date); real payout: payout value NOT VERIFIED; commercial intent (HIGH / MEDIUM / LOW with a short reason); paid search allowed?; brand bidding allowed?; direct linking allowed?; offer status (active?); affiliate link; tracking reliability (HIGH / MEDIUM / LOW); can conversions be reconciled with the network?",restrictions to read before launch: read terms: https://app.impact.com/Mediapartners/IRMzcDLLRBgC27859fLsNiJEwGoUpdMew1/Campaigns/18535/PublicTerms,
mindmanager,,Impact,Impact NYJL,US,mindmanager,1900,NOT VERIFIED,USD,CPS,NOT VERIFIED,NOT VERIFIED,4.92,USD,DataForSEO Google Ads (average CPC),2026-10-03,NOT VERIFIED,NOT VERIFIED,NOT VERIFIED,NOT VERIFIED,,,,,,0,LOW,DO NOT TEST,real payout: payout value NOT VERIFIED; commercial intent (HIGH / MEDIUM / LOW with a short reason); paid search allowed?; brand bidding allowed?; direct linking allowed?; offer status (active?); affiliate link; tracking reliability (HIGH / MEDIUM / LOW); can conversions be reconciled with the network?,restrictions to read before launch: read terms: https://app.impact.com/Mediapartners/IRMzcDLLRBgC27859fLsNiJEwGoUpdMew1/Campaigns/20231/PublicTerms,
uperfect,,Impact,Impact NYJL,US,uperfect,1900,NOT VERIFIED,USD,CPS,NOT VERIFIED,NOT VERIFIED,0.60,USD,DataForSEO Google Ads (average CPC),2026-10-03,NOT VERIFIED,NOT VERIFIED,NOT VERIFIED,NOT VERIFIED,,,,,,16,LOW,DO NOT TEST,real payout: payout value NOT VERIFIED; commercial intent (HIGH / MEDIUM / LOW with a short reason); paid search allowed?; brand bidding allowed?; direct linking allowed?; offer status (active?); affiliate link; tracking reliability (HIGH / MEDIUM / LOW); can conversions be reconciled with the network?,restrictions to read before launch: read terms: https://app.impact.com/Mediapartners/IRMzcDLLRBgC27859fLsNiJEwGoUpdMew1/Campaigns/15155/PublicTerms,
ulike,,Impact,Impact C,DE,ulike,1900,NOT VERIFIED,USD,CPS,NOT VERIFIED,NOT VERIFIED,1.96,USD,DataForSEO Google Ads (average CPC),2026-10-03,NOT VERIFIED,NOT VERIFIED,NOT VERIFIED,NOT VERIFIED,,,,,,8,LOW,DO NOT TEST,real payout: payout value NOT VERIFIED; commercial intent (HIGH / MEDIUM / LOW with a short reason); paid search allowed?; brand bidding allowed?; direct linking allowed?; offer status (active?); affiliate link; tracking reliability (HIGH / MEDIUM / LOW); can conversions be reconciled with the network?,restrictions to read before launch: read terms: https://app.impact.com/Mediapartners/IR6uoKsVEBM92349536mSxRD7ykuLtunp1/Campaigns/21023/PublicTerms,
margovil,,Impact,Impact C,US,margovil,1900,NOT VERIFIED,USD,CPS,NOT VERIFIED,NOT VERIFIED,1.65,USD,DataForSEO Google Ads (average CPC),2026-10-03,NOT VERIFIED,NOT VERIFIED,NOT VERIFIED,NOT VERIFIED,,,,,,8,LOW,DO NOT TEST,real payout: payout value NOT VERIFIED; commercial intent (HIGH / MEDIUM / LOW with a short reason); paid search allowed?; brand bidding allowed?; direct linking allowed?; offer status (active?); affiliate link; tracking reliability (HIGH / MEDIUM / LOW); can conversions be reconciled with the network?,restrictions to read before launch: read terms: https://app.impact.com/Mediapartners/IR6uoKsVEBM92349536mSxRD7ykuLtunp1/Campaigns/44973/PublicTerms,
minitool,Computer & Electronics > Computer SW,CJ,CJ,US,minitool,1600,NOT VERIFIED,NOT VERIFIED,CPS,NOT VERIFIED,NOT VERIFIED,1.29,USD,DataForSEO Google Ads (average CPC),2026-10-03,NOT VERIFIED,NOT VERIFIED,NOT VERIFIED,NOT VERIFIED,,,,,,8,LOW,DO NOT TEST,real payout: payout value NOT VERIFIED; commercial intent (HIGH / MEDIUM / LOW with a short reason); paid search allowed?; brand bidding allowed?; direct linking allowed?; offer status (active?); affiliate link; tracking reliability (HIGH / MEDIUM / LOW); can conversions be reconciled with the network?,,
paragon software,Computer & Electronics > Computer SW,CJ,CJ,US,paragon software,1600,NOT VERIFIED,NOT VERIFIED,HYBRID,NOT VERIFIED,NOT VERIFIED,6.53,USD,DataForSEO Google Ads (average CPC),2026-10-03,NOT VERIFIED,NOT VERIFIED,NOT VERIFIED,NOT VERIFIED,,,,,,0,LOW,DO NOT TEST,real payout: payout value NOT VERIFIED; commercial intent (HIGH / MEDIUM / LOW with a short reason); paid search allowed?; brand bidding allowed?; direct linking allowed?; offer status (active?); affiliate link; tracking reliability (HIGH / MEDIUM / LOW); can conversions be reconciled with the network?,,
imobie,,Impact,Impact NYJL,US,imobie,1600,NOT VERIFIED,USD,CPS,NOT VERIFIED,NOT VERIFIED,0.67,USD,DataForSEO Google Ads (average CPC),2026-10-03,NOT VERIFIED,NOT VERIFIED,NOT VERIFIED,NOT VERIFIED,,,,,,12,LOW,DO NOT TEST,real payout: payout value NOT VERIFIED; commercial intent (HIGH / MEDIUM / LOW with a short reason); paid search allowed?; brand bidding allowed?; direct linking allowed?; offer status (active?); affiliate link; tracking reliability (HIGH / MEDIUM / LOW); can conversions be reconciled with the network?,restrictions to read before launch: read terms: https://app.impact.com/Mediapartners/IRMzcDLLRBgC27859fLsNiJEwGoUpdMew1/Campaigns/10066/PublicTerms,
ravpower,,Impact,Impact NYJL,US,ravpower,1600,NOT VERIFIED,USD,CPS,NOT VERIFIED,NOT VERIFIED,0.49,USD,DataForSEO Google Ads (average CPC),2026-10-03,NOT VERIFIED,NOT VERIFIED,NOT VERIFIED,NOT VERIFIED,,,,,,16,LOW,DO NOT TEST,real payout: payout value NOT VERIFIED; commercial intent (HIGH / MEDIUM / LOW with a short reason); paid search allowed?; brand bidding allowed?; direct linking allowed?; offer status (active?); affiliate link; tracking reliability (HIGH / MEDIUM / LOW); can conversions be reconciled with the network?,restrictions to read before launch: read terms: https://app.impact.com/Mediapartners/IRMzcDLLRBgC27859fLsNiJEwGoUpdMew1/Campaigns/21526/PublicTerms,
ultahost,,Impact,Impact NYJL,US,ultahost,1600,NOT VERIFIED,USD,CPS,NOT VERIFIED,NOT VERIFIED,5.37,USD,DataForSEO Google Ads (average CPC),2026-10-03,NOT VERIFIED,NOT VERIFIED,NOT VERIFIED,NOT VERIFIED,,,,,,0,LOW,DO NOT TEST,real payout: payout value NOT VERIFIED; commercial intent (HIGH / MEDIUM / LOW with a short reason); paid search allowed?; brand bidding allowed?; direct linking allowed?; offer status (active?); affiliate link; tracking reliability (HIGH / MEDIUM / LOW); can conversions be reconciled with the network?,restrictions to read before launch: read terms: https://app.impact.com/Mediapartners/IRMzcDLLRBgC27859fLsNiJEwGoUpdMew1/Campaigns/22575/PublicTerms,
iolo system mechanic,Computer & Electronics > Computer SW,CJ,CJ,US,iolo system mechanic,1300,NOT VERIFIED,NOT VERIFIED,HYBRID,NOT VERIFIED,NOT VERIFIED,6.62,USD,DataForSEO Google Ads (average CPC),2026-10-03,NOT VERIFIED,NOT VERIFIED,NOT VERIFIED,NOT VERIFIED,,,,,,0,LOW,DO NOT TEST,real payout: payout value NOT VERIFIED; commercial intent (HIGH / MEDIUM / LOW with a short reason); paid search allowed?; brand bidding allowed?; direct linking allowed?; offer status (active?); affiliate link; tracking reliability (HIGH / MEDIUM / LOW); can conversions be reconciled with the network?,,
scalahosting,,Impact,Impact C,US,scalahosting,1000,NOT VERIFIED,USD,CPA,NOT VERIFIED,NOT VERIFIED,2.46,USD,DataForSEO Google Ads (average CPC),2026-10-03,NOT VERIFIED,NOT VERIFIED,NOT VERIFIED,NOT VERIFIED,,,,,,4,LOW,DO NOT TEST,real payout: payout value NOT VERIFIED; commercial intent (HIGH / MEDIUM / LOW with a short reason); paid search allowed?; brand bidding allowed?; direct linking allowed?; offer status (active?); affiliate link; tracking reliability (HIGH / MEDIUM / LOW); can conversions be reconciled with the network?,restrictions to read before launch: read terms: https://app.impact.com/Mediapartners/IR6uoKsVEBM92349536mSxRD7ykuLtunp1/Campaigns/18135/PublicTerms,
ereleases,Business > Marketing,CJ,CJ,US,ereleases,880,NOT VERIFIED,NOT VERIFIED,CPA,NOT VERIFIED,NOT VERIFIED,22.68,USD,DataForSEO Google Ads (average CPC),2026-10-03,NOT VERIFIED,NOT VERIFIED,NOT VERIFIED,NOT VERIFIED,,,,,,0,LOW,DO NOT TEST,real payout: payout value NOT VERIFIED; commercial intent (HIGH / MEDIUM / LOW with a short reason); paid search allowed?; brand bidding allowed?; direct linking allowed?; offer status (active?); affiliate link; tracking reliability (HIGH / MEDIUM / LOW); can conversions be reconciled with the network?,,
lightailing,,Impact,Impact NYJL,US,lightailing,880,NOT VERIFIED,USD,CPS,NOT VERIFIED,NOT VERIFIED,0.89,USD,DataForSEO Google Ads (average CPC),2026-10-03,NOT VERIFIED,NOT VERIFIED,NOT VERIFIED,NOT VERIFIED,,,,,,12,LOW,DO NOT TEST,real payout: payout value NOT VERIFIED; commercial intent (HIGH / MEDIUM / LOW with a short reason); paid search allowed?; brand bidding allowed?; direct linking allowed?; offer status (active?); affiliate link; tracking reliability (HIGH / MEDIUM / LOW); can conversions be reconciled with the network?,restrictions to read before launch: read terms: https://app.impact.com/Mediapartners/IRMzcDLLRBgC27859fLsNiJEwGoUpdMew1/Campaigns/17190/PublicTerms,
mushroomsupplies,,Impact,Impact NYJL,US,mushroomsupplies,880,NOT VERIFIED,USD,CPS,NOT VERIFIED,NOT VERIFIED,4.09,USD,DataForSEO Google Ads (average CPC),2026-10-03,NOT VERIFIED,NOT VERIFIED,NOT VERIFIED,NOT VERIFIED,,,,,,0,LOW,DO NOT TEST,real payout: payout value NOT VERIFIED; commercial intent (HIGH / MEDIUM / LOW with a short reason); paid search allowed?; brand bidding allowed?; direct linking allowed?; offer status (active?); affiliate link; tracking reliability (HIGH / MEDIUM / LOW); can conversions be reconciled with the network?,restrictions to read before launch: read terms: https://app.impact.com/Mediapartners/IRMzcDLLRBgC27859fLsNiJEwGoUpdMew1/Campaigns/18134/PublicTerms,
silver cuisine,,Impact,Impact NYJL,US,silver cuisine,880,NOT VERIFIED,USD,CPS,NOT VERIFIED,NOT VERIFIED,7.17,USD,DataForSEO Google Ads (average CPC),2026-10-03,NOT VERIFIED,NOT VERIFIED,NOT VERIFIED,NOT VERIFIED,,,,,,0,LOW,DO NOT TEST,real payout: payout value NOT VERIFIED; commercial intent (HIGH / MEDIUM / LOW with a short reason); paid search allowed?; brand bidding allowed?; direct linking allowed?; offer status (active?); affiliate link; tracking reliability (HIGH / MEDIUM / LOW); can conversions be reconciled with the network?,restrictions to read before launch: read terms: https://app.impact.com/Mediapartners/IRMzcDLLRBgC27859fLsNiJEwGoUpdMew1/Campaigns/17151/PublicTerms,
striking viking,,Impact,Impact NYJL,US,striking viking,880,NOT VERIFIED,EUR,CPS,NOT VERIFIED,NOT VERIFIED,2.26,USD,DataForSEO Google Ads (average CPC),2026-10-03,NOT VERIFIED,NOT VERIFIED,NOT VERIFIED,NOT VERIFIED,,,,,,4,LOW,DO NOT TEST,real payout: payout value NOT VERIFIED; commercial intent (HIGH / MEDIUM / LOW with a short reason); paid search allowed?; brand bidding allowed?; direct linking allowed?; offer status (active?); affiliate link; tracking reliability (HIGH / MEDIUM / LOW); can conversions be reconciled with the network?,restrictions to read before launch: read terms: https://app.impact.com/Mediapartners/IRMzcDLLRBgC27859fLsNiJEwGoUpdMew1/Campaigns/18360/PublicTerms,
tunepat,,Impact,Impact C,US,tunepat,880,NOT VERIFIED,USD,CPS,NOT VERIFIED,NOT VERIFIED,1.46,USD,DataForSEO Google Ads (average CPC),2026-10-03,NOT VERIFIED,NOT VERIFIED,NOT VERIFIED,NOT VERIFIED,,,,,,8,LOW,DO NOT TEST,real payout: payout value NOT VERIFIED; commercial intent (HIGH / MEDIUM / LOW with a short reason); paid search allowed?; brand bidding allowed?; direct linking allowed?; offer status (active?); affiliate link; tracking reliability (HIGH / MEDIUM / LOW); can conversions be reconciled with the network?,restrictions to read before launch: read terms: https://app.impact.com/Mediapartners/IR6uoKsVEBM92349536mSxRD7ykuLtunp1/Campaigns/16643/PublicTerms,
geekbuying,,Impact,Impact NYJL,US,geekbuying,720,NOT VERIFIED,USD,CPS,NOT VERIFIED,NOT VERIFIED,0.72,USD,DataForSEO Google Ads (average CPC),2026-10-03,NOT VERIFIED,NOT VERIFIED,NOT VERIFIED,NOT VERIFIED,,,,,,12,LOW,DO NOT TEST,real payout: payout value NOT VERIFIED; commercial intent (HIGH / MEDIUM / LOW with a short reason); paid search allowed?; brand bidding allowed?; direct linking allowed?; offer status (active?); affiliate link; tracking reliability (HIGH / MEDIUM / LOW); can conversions be reconciled with the network?,restrictions to read before launch: read terms: https://app.impact.com/Mediapartners/IRMzcDLLRBgC27859fLsNiJEwGoUpdMew1/Campaigns/13004/PublicTerms,
macrosoft,,Impact,Impact NYJL,US,macrosoft,720,NOT VERIFIED,EUR,CPS,NOT VERIFIED,NOT VERIFIED,8.02,USD,DataForSEO Google Ads (average CPC),2026-10-03,NOT VERIFIED,NOT VERIFIED,NOT VERIFIED,NOT VERIFIED,,,,,,0,LOW,DO NOT TEST,real payout: payout value NOT VERIFIED; commercial intent (HIGH / MEDIUM / LOW with a short reason); paid search allowed?; brand bidding allowed?; direct linking allowed?; offer status (active?); affiliate link; tracking reliability (HIGH / MEDIUM / LOW); can conversions be reconciled with the network?,restrictions to read before launch: read terms: https://app.impact.com/Mediapartners/IRMzcDLLRBgC27859fLsNiJEwGoUpdMew1/Campaigns/33612/PublicTerms,
wegic,,Impact,Impact C,US,wegic,720,NOT VERIFIED,USD,CPS,NOT VERIFIED,NOT VERIFIED,6.03,USD,DataForSEO Google Ads (average CPC),2026-10-03,NOT VERIFIED,NOT VERIFIED,NOT VERIFIED,NOT VERIFIED,,,,,,0,LOW,DO NOT TEST,real payout: payout value NOT VERIFIED; commercial intent (HIGH / MEDIUM / LOW with a short reason); paid search allowed?; brand bidding allowed?; direct linking allowed?; offer status (active?); affiliate link; tracking reliability (HIGH / MEDIUM / LOW); can conversions be reconciled with the network?,restrictions to read before launch: read terms: https://app.impact.com/Mediapartners/IR6uoKsVEBM92349536mSxRD7ykuLtunp1/Campaigns/41022/PublicTerms,
netart,Online Services > Internet Service Providers,CJ,CJ,US,netart,590,NOT VERIFIED,NOT VERIFIED,CPS,NOT VERIFIED,NOT VERIFIED,CPC NOT AVAILABLE,NOT VERIFIED,,,NOT VERIFIED,NOT VERIFIED,NOT VERIFIED,NOT VERIFIED,,,,,,0,LOW,DO NOT TEST,"CPC NOT AVAILABLE (record CPC, currency, source and date); real payout: payout value NOT VERIFIED; commercial intent (HIGH / MEDIUM / LOW with a short reason); paid search allowed?; brand bidding allowed?; direct linking allowed?; offer status (active?); affiliate link; tracking reliability (HIGH / MEDIUM / LOW); can conversions be reconciled with the network?",,
innovation refunds,,Impact,Impact C,US,innovation refunds,590,NOT VERIFIED,USD,CPL,NOT VERIFIED,NOT VERIFIED,CPC NOT AVAILABLE,NOT VERIFIED,,,NOT VERIFIED,NOT VERIFIED,NOT VERIFIED,NOT VERIFIED,,,,,,0,LOW,DO NOT TEST,"CPC NOT AVAILABLE (record CPC, currency, source and date); real payout: payout value NOT VERIFIED; commercial intent (HIGH / MEDIUM / LOW with a short reason); paid search allowed?; brand bidding allowed?; direct linking allowed?; offer status (active?); affiliate link; tracking reliability (HIGH / MEDIUM / LOW); can conversions be reconciled with the network?",restrictions to read before launch: read terms: https://app.impact.com/Mediapartners/IR6uoKsVEBM92349536mSxRD7ykuLtunp1/Campaigns/18934/PublicTerms,
promeed,,Impact,Impact C,US,promeed,590,NOT VERIFIED,USD,CPS,NOT VERIFIED,NOT VERIFIED,1.63,USD,DataForSEO Google Ads (average CPC),2026-10-03,NOT VERIFIED,NOT VERIFIED,NOT VERIFIED,NOT VERIFIED,,,,,,8,LOW,DO NOT TEST,real payout: payout value NOT VERIFIED; commercial intent (HIGH / MEDIUM / LOW with a short reason); paid search allowed?; brand bidding allowed?; direct linking allowed?; offer status (active?); affiliate link; tracking reliability (HIGH / MEDIUM / LOW); can conversions be reconciled with the network?,restrictions to read before launch: read terms: https://app.impact.com/Mediapartners/IR6uoKsVEBM92349536mSxRD7ykuLtunp1/Campaigns/46700/PublicTerms,
hidemy.name,Buying and Selling > E-commerce Solutions/Providers,CJ,CJ,US,hidemy.name,480,NOT VERIFIED,NOT VERIFIED,CPS,NOT VERIFIED,NOT VERIFIED,1.11,USD,DataForSEO Google Ads (average CPC),2026-10-03,NOT VERIFIED,NOT VERIFIED,NOT VERIFIED,NOT VERIFIED,,,,,,8,LOW,DO NOT TEST,real payout: payout value NOT VERIFIED; commercial intent (HIGH / MEDIUM / LOW with a short reason); paid search allowed?; brand bidding allowed?; direct linking allowed?; offer status (active?); affiliate link; tracking reliability (HIGH / MEDIUM / LOW); can conversions be reconciled with the network?,,
aspiron,,Impact,Impact NYJL,US,aspiron,480,NOT VERIFIED,USD,CPS,NOT VERIFIED,NOT VERIFIED,1.04,USD,DataForSEO Google Ads (average CPC),2026-10-03,NOT VERIFIED,NOT VERIFIED,NOT VERIFIED,NOT VERIFIED,,,,,,8,LOW,DO NOT TEST,real payout: payout value NOT VERIFIED; commercial intent (HIGH / MEDIUM / LOW with a short reason); paid search allowed?; brand bidding allowed?; direct linking allowed?; offer status (active?); affiliate link; tracking reliability (HIGH / MEDIUM / LOW); can conversions be reconciled with the network?,restrictions to read before launch: read terms: https://app.impact.com/Mediapartners/IRMzcDLLRBgC27859fLsNiJEwGoUpdMew1/Campaigns/21554/PublicTerms,
pyproxy,,Impact,Impact C,US,pyproxy,480,NOT VERIFIED,USD,CPS,NOT VERIFIED,NOT VERIFIED,5.61,USD,DataForSEO Google Ads (average CPC),2026-10-03,NOT VERIFIED,NOT VERIFIED,NOT VERIFIED,NOT VERIFIED,,,,,,0,LOW,DO NOT TEST,real payout: payout value NOT VERIFIED; commercial intent (HIGH / MEDIUM / LOW with a short reason); paid search allowed?; brand bidding allowed?; direct linking allowed?; offer status (active?); affiliate link; tracking reliability (HIGH / MEDIUM / LOW); can conversions be reconciled with the network?,restrictions to read before launch: read terms: https://app.impact.com/Mediapartners/IR6uoKsVEBM92349536mSxRD7ykuLtunp1/Campaigns/22185/PublicTerms,
thordata,,Impact,Impact C,US,thordata,480,NOT VERIFIED,USD,CPS,NOT VERIFIED,NOT VERIFIED,5.53,USD,DataForSEO Google Ads (average CPC),2026-10-03,NOT VERIFIED,NOT VERIFIED,NOT VERIFIED,NOT VERIFIED,,,,,,0,LOW,DO NOT TEST,real payout: payout value NOT VERIFIED; commercial intent (HIGH / MEDIUM / LOW with a short reason); paid search allowed?; brand bidding allowed?; direct linking allowed?; offer status (active?); affiliate link; tracking reliability (HIGH / MEDIUM / LOW); can conversions be reconciled with the network?,restrictions to read before launch: read terms: https://app.impact.com/Mediapartners/IR6uoKsVEBM92349536mSxRD7ykuLtunp1/Campaigns/39618/PublicTerms,
blockchain council,,Impact,Impact NYJL,US,blockchain council,390,NOT VERIFIED,USD,CPS,NOT VERIFIED,NOT VERIFIED,10.79,USD,DataForSEO Google Ads (average CPC),2026-10-03,NOT VERIFIED,NOT VERIFIED,NOT VERIFIED,NOT VERIFIED,,,,,,0,LOW,DO NOT TEST,real payout: payout value NOT VERIFIED; commercial intent (HIGH / MEDIUM / LOW with a short reason); paid search allowed?; brand bidding allowed?; direct linking allowed?; offer status (active?); affiliate link; tracking reliability (HIGH / MEDIUM / LOW); can conversions be reconciled with the network?,restrictions to read before launch: read terms: https://app.impact.com/Mediapartners/IRMzcDLLRBgC27859fLsNiJEwGoUpdMew1/Campaigns/57273/PublicTerms,
linner hearing aids,,Impact,Impact NYJL,US,linner hearing aids,390,NOT VERIFIED,USD,CPS,NOT VERIFIED,NOT VERIFIED,2.03,USD,DataForSEO Google Ads (average CPC),2026-10-03,NOT VERIFIED,NOT VERIFIED,NOT VERIFIED,NOT VERIFIED,,,,,,4,LOW,DO NOT TEST,real payout: payout value NOT VERIFIED; commercial intent (HIGH / MEDIUM / LOW with a short reason); paid search allowed?; brand bidding allowed?; direct linking allowed?; offer status (active?); affiliate link; tracking reliability (HIGH / MEDIUM / LOW); can conversions be reconciled with the network?,restrictions to read before launch: read terms: https://app.impact.com/Mediapartners/IRMzcDLLRBgC27859fLsNiJEwGoUpdMew1/Campaigns/26400/PublicTerms,
parisrhone,,Impact,Impact NYJL,US,parisrhone,390,NOT VERIFIED,USD,CPS,NOT VERIFIED,NOT VERIFIED,0.52,USD,DataForSEO Google Ads (average CPC),2026-10-03,NOT VERIFIED,NOT VERIFIED,NOT VERIFIED,NOT VERIFIED,,,,,,16,LOW,DO NOT TEST,real payout: payout value NOT VERIFIED; commercial intent (HIGH / MEDIUM / LOW with a short reason); paid search allowed?; brand bidding allowed?; direct linking allowed?; offer status (active?); affiliate link; tracking reliability (HIGH / MEDIUM / LOW); can conversions be reconciled with the network?,restrictions to read before launch: read terms: https://app.impact.com/Mediapartners/IRMzcDLLRBgC27859fLsNiJEwGoUpdMew1/Campaigns/21553/PublicTerms,
odinlake,,Impact,Impact C,US,odinlake,390,NOT VERIFIED,USD,CPS,NOT VERIFIED,NOT VERIFIED,1.29,USD,DataForSEO Google Ads (average CPC),2026-10-03,NOT VERIFIED,NOT VERIFIED,NOT VERIFIED,NOT VERIFIED,,,,,,8,LOW,DO NOT TEST,real payout: payout value NOT VERIFIED; commercial intent (HIGH / MEDIUM / LOW with a short reason); paid search allowed?; brand bidding allowed?; direct linking allowed?; offer status (active?); affiliate link; tracking reliability (HIGH / MEDIUM / LOW); can conversions be reconciled with the network?,restrictions to read before launch: read terms: https://app.impact.com/Mediapartners/IR6uoKsVEBM92349536mSxRD7ykuLtunp1/Campaigns/14868/PublicTerms,
directdeals,Computer & Electronics > Computer SW,CJ,CJ,US,directdeals,320,NOT VERIFIED,NOT VERIFIED,HYBRID,NOT VERIFIED,NOT VERIFIED,6.78,USD,DataForSEO Google Ads (average CPC),2026-10-03,NOT VERIFIED,NOT VERIFIED,NOT VERIFIED,NOT VERIFIED,,,,,,0,LOW,DO NOT TEST,real payout: payout value NOT VERIFIED; commercial intent (HIGH / MEDIUM / LOW with a short reason); paid search allowed?; brand bidding allowed?; direct linking allowed?; offer status (active?); affiliate link; tracking reliability (HIGH / MEDIUM / LOW); can conversions be reconciled with the network?,,
rowabi,,Impact,Impact NYJL,US,rowabi,320,NOT VERIFIED,USD,CPS,NOT VERIFIED,NOT VERIFIED,4.43,USD,DataForSEO Google Ads (average CPC),2026-10-03,NOT VERIFIED,NOT VERIFIED,NOT VERIFIED,NOT VERIFIED,,,,,,0,LOW,DO NOT TEST,real payout: payout value NOT VERIFIED; commercial intent (HIGH / MEDIUM / LOW with a short reason); paid search allowed?; brand bidding allowed?; direct linking allowed?; offer status (active?); affiliate link; tracking reliability (HIGH / MEDIUM / LOW); can conversions be reconciled with the network?,restrictions to read before launch: read terms: https://app.impact.com/Mediapartners/IRMzcDLLRBgC27859fLsNiJEwGoUpdMew1/Campaigns/30391/PublicTerms,
modello turbo,,Impact,Impact C,US,modello turbo,320,NOT VERIFIED,USD,CPS,NOT VERIFIED,NOT VERIFIED,1.59,USD,DataForSEO Google Ads (average CPC),2026-10-03,NOT VERIFIED,NOT VERIFIED,NOT VERIFIED,NOT VERIFIED,,,,,,8,LOW,DO NOT TEST,real payout: payout value NOT VERIFIED; commercial intent (HIGH / MEDIUM / LOW with a short reason); paid search allowed?; brand bidding allowed?; direct linking allowed?; offer status (active?); affiliate link; tracking reliability (HIGH / MEDIUM / LOW); can conversions be reconciled with the network?,restrictions to read before launch: read terms: https://app.impact.com/Mediapartners/IR6uoKsVEBM92349536mSxRD7ykuLtunp1/Campaigns/41760/PublicTerms,
adblock ultimate,Online Services > Web Tools,CJ,CJ,US,adblock ultimate,260,NOT VERIFIED,NOT VERIFIED,CPS,NOT VERIFIED,NOT VERIFIED,7.70,USD,DataForSEO Google Ads (average CPC),2026-10-03,NOT VERIFIED,NOT VERIFIED,NOT VERIFIED,NOT VERIFIED,,,,,,0,LOW,DO NOT TEST,real payout: payout value NOT VERIFIED; commercial intent (HIGH / MEDIUM / LOW with a short reason); paid search allowed?; brand bidding allowed?; direct linking allowed?; offer status (active?); affiliate link; tracking reliability (HIGH / MEDIUM / LOW); can conversions be reconciled with the network?,,
jalbum,,Impact,Impact NYJL,US,jalbum,260,NOT VERIFIED,USD,CPS,NOT VERIFIED,NOT VERIFIED,1.05,USD,DataForSEO Google Ads (average CPC),2026-10-03,NOT VERIFIED,NOT VERIFIED,NOT VERIFIED,NOT VERIFIED,,,,,,8,LOW,DO NOT TEST,real payout: payout value NOT VERIFIED; commercial intent (HIGH / MEDIUM / LOW with a short reason); paid search allowed?; brand bidding allowed?; direct linking allowed?; offer status (active?); affiliate link; tracking reliability (HIGH / MEDIUM / LOW); can conversions be reconciled with the network?,restrictions to read before launch: read terms: https://app.impact.com/Mediapartners/IRMzcDLLRBgC27859fLsNiJEwGoUpdMew1/Campaigns/17916/PublicTerms,
witopia,Telecommunications > Online/Wireless,CJ,CJ,US,witopia,210,NOT VERIFIED,NOT VERIFIED,CPS,NOT VERIFIED,NOT VERIFIED,5.74,USD,DataForSEO Google Ads (average CPC),2026-10-03,NOT VERIFIED,NOT VERIFIED,NOT VERIFIED,NOT VERIFIED,,,,,,0,LOW,DO NOT TEST,real payout: payout value NOT VERIFIED; commercial intent (HIGH / MEDIUM / LOW with a short reason); paid search allowed?; brand bidding allowed?; direct linking allowed?; offer status (active?); affiliate link; tracking reliability (HIGH / MEDIUM / LOW); can conversions be reconciled with the network?,,
cloudfield,,Impact,Impact NYJL,US,cloudfield,210,NOT VERIFIED,EUR,CPS,NOT VERIFIED,NOT VERIFIED,CPC NOT AVAILABLE,NOT VERIFIED,,,NOT VERIFIED,NOT VERIFIED,NOT VERIFIED,NOT VERIFIED,,,,,,0,LOW,DO NOT TEST,"CPC NOT AVAILABLE (record CPC, currency, source and date); real payout: payout value NOT VERIFIED; commercial intent (HIGH / MEDIUM / LOW with a short reason); paid search allowed?; brand bidding allowed?; direct linking allowed?; offer status (active?); affiliate link; tracking reliability (HIGH / MEDIUM / LOW); can conversions be reconciled with the network?",restrictions to read before launch: read terms: https://app.impact.com/Mediapartners/IRMzcDLLRBgC27859fLsNiJEwGoUpdMew1/Campaigns/18662/PublicTerms,
o&o software,Computer & Electronics > Computer SW,CJ,CJ,US,o&o software,170,NOT VERIFIED,NOT VERIFIED,CPS,NOT VERIFIED,NOT VERIFIED,0.96,USD,DataForSEO Google Ads (average CPC),2026-10-03,NOT VERIFIED,NOT VERIFIED,NOT VERIFIED,NOT VERIFIED,,,,,,12,LOW,DO NOT TEST,real payout: payout value NOT VERIFIED; commercial intent (HIGH / MEDIUM / LOW with a short reason); paid search allowed?; brand bidding allowed?; direct linking allowed?; offer status (active?); affiliate link; tracking reliability (HIGH / MEDIUM / LOW); can conversions be reconciled with the network?,,
coach soak,,Impact,Impact NYJL,US,coach soak,170,NOT VERIFIED,EUR,CPS,NOT VERIFIED,NOT VERIFIED,0.59,USD,DataForSEO Google Ads (average CPC),2026-10-03,NOT VERIFIED,NOT VERIFIED,NOT VERIFIED,NOT VERIFIED,,,,,,16,LOW,DO NOT TEST,real payout: payout value NOT VERIFIED; commercial intent (HIGH / MEDIUM / LOW with a short reason); paid search allowed?; brand bidding allowed?; direct linking allowed?; offer status (active?); affiliate link; tracking reliability (HIGH / MEDIUM / LOW); can conversions be reconciled with the network?,restrictions to read before launch: read terms: https://app.impact.com/Mediapartners/IRMzcDLLRBgC27859fLsNiJEwGoUpdMew1/Campaigns/18089/PublicTerms,
eyeson,,Impact,Impact NYJL,US,eyeson,170,NOT VERIFIED,USD,CPS,NOT VERIFIED,NOT VERIFIED,44.37,USD,DataForSEO Google Ads (average CPC),2026-10-03,NOT VERIFIED,NOT VERIFIED,NOT VERIFIED,NOT VERIFIED,,,,,,0,LOW,DO NOT TEST,real payout: payout value NOT VERIFIED; commercial intent (HIGH / MEDIUM / LOW with a short reason); paid search allowed?; brand bidding allowed?; direct linking allowed?; offer status (active?); affiliate link; tracking reliability (HIGH / MEDIUM / LOW); can conversions be reconciled with the network?,restrictions to read before launch: read terms: https://app.impact.com/Mediapartners/IRMzcDLLRBgC27859fLsNiJEwGoUpdMew1/Campaigns/9315/PublicTerms,
lux sports,,Impact,Impact NYJL,US,lux sports,140,NOT VERIFIED,EUR,CPS,NOT VERIFIED,NOT VERIFIED,0.30,USD,DataForSEO Google Ads (average CPC),2026-10-03,NOT VERIFIED,NOT VERIFIED,NOT VERIFIED,NOT VERIFIED,,,,,,20,LOW,DO NOT TEST,real payout: payout value NOT VERIFIED; commercial intent (HIGH / MEDIUM / LOW with a short reason); paid search allowed?; brand bidding allowed?; direct linking allowed?; offer status (active?); affiliate link; tracking reliability (HIGH / MEDIUM / LOW); can conversions be reconciled with the network?,restrictions to read before launch: read terms: https://app.impact.com/Mediapartners/IRMzcDLLRBgC27859fLsNiJEwGoUpdMew1/Campaigns/24275/PublicTerms,
mail backup x,,Impact,Impact NYJL,US,mail backup x,140,NOT VERIFIED,USD,CPS,NOT VERIFIED,NOT VERIFIED,5.96,USD,DataForSEO Google Ads (average CPC),2026-10-03,NOT VERIFIED,NOT VERIFIED,NOT VERIFIED,NOT VERIFIED,,,,,,0,LOW,DO NOT TEST,real payout: payout value NOT VERIFIED; commercial intent (HIGH / MEDIUM / LOW with a short reason); paid search allowed?; brand bidding allowed?; direct linking allowed?; offer status (active?); affiliate link; tracking reliability (HIGH / MEDIUM / LOW); can conversions be reconciled with the network?,restrictions to read before launch: read terms: https://app.impact.com/Mediapartners/IRMzcDLLRBgC27859fLsNiJEwGoUpdMew1/Campaigns/12121/PublicTerms,
lightsaber.com,,Impact,Impact C,US,lightsaber.com,140,NOT VERIFIED,USD,CPS,NOT VERIFIED,NOT VERIFIED,1.58,USD,DataForSEO Google Ads (average CPC),2026-10-03,NOT VERIFIED,NOT VERIFIED,NOT VERIFIED,NOT VERIFIED,,,,,,8,LOW,DO NOT TEST,real payout: payout value NOT VERIFIED; commercial intent (HIGH / MEDIUM / LOW with a short reason); paid search allowed?; brand bidding allowed?; direct linking allowed?; offer status (active?); affiliate link; tracking reliability (HIGH / MEDIUM / LOW); can conversions be reconciled with the network?,restrictions to read before launch: read terms: https://app.impact.com/Mediapartners/IR6uoKsVEBM92349536mSxRD7ykuLtunp1/Campaigns/36934/PublicTerms,
big bat box,,Impact,Impact NYJL,US,big bat box,110,NOT VERIFIED,USD,CPS,NOT VERIFIED,NOT VERIFIED,0.54,USD,DataForSEO Google Ads (average CPC),2026-10-03,NOT VERIFIED,NOT VERIFIED,NOT VERIFIED,NOT VERIFIED,,,,,,16,LOW,DO NOT TEST,real payout: payout value NOT VERIFIED; commercial intent (HIGH / MEDIUM / LOW with a short reason); paid search allowed?; brand bidding allowed?; direct linking allowed?; offer status (active?); affiliate link; tracking reliability (HIGH / MEDIUM / LOW); can conversions be reconciled with the network?,restrictions to read before launch: read terms: https://app.impact.com/Mediapartners/IRMzcDLLRBgC27859fLsNiJEwGoUpdMew1/Campaigns/18359/PublicTerms,
bodyotics,,Impact,Impact NYJL,US,bodyotics,110,NOT VERIFIED,EUR,CPS,NOT VERIFIED,NOT VERIFIED,0.42,USD,DataForSEO Google Ads (average CPC),2026-10-03,NOT VERIFIED,NOT VERIFIED,NOT VERIFIED,NOT VERIFIED,,,,,,16,LOW,DO NOT TEST,real payout: payout value NOT VERIFIED; commercial intent (HIGH / MEDIUM / LOW with a short reason); paid search allowed?; brand bidding allowed?; direct linking allowed?; offer status (active?); affiliate link; tracking reliability (HIGH / MEDIUM / LOW); can conversions be reconciled with the network?,restrictions to read before launch: read terms: https://app.impact.com/Mediapartners/IRMzcDLLRBgC27859fLsNiJEwGoUpdMew1/Campaigns/18090/PublicTerms,
happy sinks,,Impact,Impact NYJL,US,happy sinks,110,NOT VERIFIED,EUR,CPS,NOT VERIFIED,NOT VERIFIED,0.56,USD,DataForSEO Google Ads (average CPC),2026-10-03,NOT VERIFIED,NOT VERIFIED,NOT VERIFIED,NOT VERIFIED,,,,,,16,LOW,DO NOT TEST,real payout: payout value NOT VERIFIED; commercial intent (HIGH / MEDIUM / LOW with a short reason); paid search allowed?; brand bidding allowed?; direct linking allowed?; offer status (active?); affiliate link; tracking reliability (HIGH / MEDIUM / LOW); can conversions be reconciled with the network?,restrictions to read before launch: read terms: https://app.impact.com/Mediapartners/IRMzcDLLRBgC27859fLsNiJEwGoUpdMew1/Campaigns/18086/PublicTerms,
martinic,,Impact,Impact NYJL,US,martinic,110,NOT VERIFIED,USD,CPS,NOT VERIFIED,NOT VERIFIED,CPC NOT AVAILABLE,NOT VERIFIED,,,NOT VERIFIED,NOT VERIFIED,NOT VERIFIED,NOT VERIFIED,,,,,,0,LOW,DO NOT TEST,"CPC NOT AVAILABLE (record CPC, currency, source and date); real payout: payout value NOT VERIFIED; commercial intent (HIGH / MEDIUM / LOW with a short reason); paid search allowed?; brand bidding allowed?; direct linking allowed?; offer status (active?); affiliate link; tracking reliability (HIGH / MEDIUM / LOW); can conversions be reconciled with the network?",restrictions to read before launch: read terms: https://app.impact.com/Mediapartners/IRMzcDLLRBgC27859fLsNiJEwGoUpdMew1/Campaigns/4482/PublicTerms,
thehues,,Impact,Impact C,US,thehues,110,NOT VERIFIED,USD,CPS,NOT VERIFIED,NOT VERIFIED,7.04,USD,DataForSEO Google Ads (average CPC),2026-10-03,NOT VERIFIED,NOT VERIFIED,NOT VERIFIED,NOT VERIFIED,,,,,,0,LOW,DO NOT TEST,real payout: payout value NOT VERIFIED; commercial intent (HIGH / MEDIUM / LOW with a short reason); paid search allowed?; brand bidding allowed?; direct linking allowed?; offer status (active?); affiliate link; tracking reliability (HIGH / MEDIUM / LOW); can conversions be reconciled with the network?,restrictions to read before launch: read terms: https://app.impact.com/Mediapartners/IR6uoKsVEBM92349536mSxRD7ykuLtunp1/Campaigns/21031/PublicTerms,
abelssoft,Computer & Electronics > Computer SW,CJ,CJ,US,abelssoft,90,NOT VERIFIED,NOT VERIFIED,HYBRID,NOT VERIFIED,NOT VERIFIED,6.02,USD,DataForSEO Google Ads (average CPC),2026-10-03,NOT VERIFIED,NOT VERIFIED,NOT VERIFIED,NOT VERIFIED,,,,,,0,LOW,DO NOT TEST,real payout: payout value NOT VERIFIED; commercial intent (HIGH / MEDIUM / LOW with a short reason); paid search allowed?; brand bidding allowed?; direct linking allowed?; offer status (active?); affiliate link; tracking reliability (HIGH / MEDIUM / LOW); can conversions be reconciled with the network?,,
meta box wordpress,,Impact,Impact NYJL,US,meta box wordpress,90,NOT VERIFIED,USD,CPS,NOT VERIFIED,NOT VERIFIED,1.15,USD,DataForSEO Google Ads (average CPC),2026-10-03,NOT VERIFIED,NOT VERIFIED,NOT VERIFIED,NOT VERIFIED,,,,,,8,LOW,DO NOT TEST,real payout: payout value NOT VERIFIED; commercial intent (HIGH / MEDIUM / LOW with a short reason); paid search allowed?; brand bidding allowed?; direct linking allowed?; offer status (active?); affiliate link; tracking reliability (HIGH / MEDIUM / LOW); can conversions be reconciled with the network?,restrictions to read before launch: read terms: https://app.impact.com/Mediapartners/IRMzcDLLRBgC27859fLsNiJEwGoUpdMew1/Campaigns/12511/PublicTerms,
puzzle ready,,Impact,Impact NYJL,US,puzzle ready,90,NOT VERIFIED,EUR,CPS,NOT VERIFIED,NOT VERIFIED,0.30,USD,DataForSEO Google Ads (average CPC),2026-10-03,NOT VERIFIED,NOT VERIFIED,NOT VERIFIED,NOT VERIFIED,,,,,,20,LOW,DO NOT TEST,real payout: payout value NOT VERIFIED; commercial intent (HIGH / MEDIUM / LOW with a short reason); paid search allowed?; brand bidding allowed?; direct linking allowed?; offer status (active?); affiliate link; tracking reliability (HIGH / MEDIUM / LOW); can conversions be reconciled with the network?,restrictions to read before launch: read terms: https://app.impact.com/Mediapartners/IRMzcDLLRBgC27859fLsNiJEwGoUpdMew1/Campaigns/18069/PublicTerms,
panda office,Computer & Electronics > Computer SW,CJ,CJ,US,panda office,70,NOT VERIFIED,NOT VERIFIED,CPS,NOT VERIFIED,NOT VERIFIED,CPC NOT AVAILABLE,NOT VERIFIED,,,NOT VERIFIED,NOT VERIFIED,NOT VERIFIED,NOT VERIFIED,,,,,,0,LOW,DO NOT TEST,"CPC NOT AVAILABLE (record CPC, currency, source and date); real payout: payout value NOT VERIFIED; commercial intent (HIGH / MEDIUM / LOW with a short reason); paid search allowed?; brand bidding allowed?; direct linking allowed?; offer status (active?); affiliate link; tracking reliability (HIGH / MEDIUM / LOW); can conversions be reconciled with the network?",,
bdthemes,,Impact,Impact NYJL,US,bdthemes,70,NOT VERIFIED,USD,CPS,NOT VERIFIED,NOT VERIFIED,CPC NOT AVAILABLE,NOT VERIFIED,,,NOT VERIFIED,NOT VERIFIED,NOT VERIFIED,NOT VERIFIED,,,,,,0,LOW,DO NOT TEST,"CPC NOT AVAILABLE (record CPC, currency, source and date); real payout: payout value NOT VERIFIED; commercial intent (HIGH / MEDIUM / LOW with a short reason); paid search allowed?; brand bidding allowed?; direct linking allowed?; offer status (active?); affiliate link; tracking reliability (HIGH / MEDIUM / LOW); can conversions be reconciled with the network?",restrictions to read before launch: read terms: https://app.impact.com/Mediapartners/IRMzcDLLRBgC27859fLsNiJEwGoUpdMew1/Campaigns/9302/PublicTerms,
gafly,,Impact,Impact NYJL,US,gafly,70,NOT VERIFIED,EUR,CPS,NOT VERIFIED,NOT VERIFIED,0.29,USD,DataForSEO Google Ads (average CPC),2026-10-03,NOT VERIFIED,NOT VERIFIED,NOT VERIFIED,NOT VERIFIED,,,,,,20,LOW,DO NOT TEST,real payout: payout value NOT VERIFIED; commercial intent (HIGH / MEDIUM / LOW with a short reason); paid search allowed?; brand bidding allowed?; direct linking allowed?; offer status (active?); affiliate link; tracking reliability (HIGH / MEDIUM / LOW); can conversions be reconciled with the network?,restrictions to read before launch: read terms: https://app.impact.com/Mediapartners/IRMzcDLLRBgC27859fLsNiJEwGoUpdMew1/Campaigns/18664/PublicTerms,
ontaki,,Impact,Impact NYJL,US,ontaki,50,NOT VERIFIED,EUR,CPS,NOT VERIFIED,NOT VERIFIED,0.22,USD,DataForSEO Google Ads (average CPC),2026-10-03,NOT VERIFIED,NOT VERIFIED,NOT VERIFIED,NOT VERIFIED,,,,,,20,LOW,DO NOT TEST,real payout: payout value NOT VERIFIED; commercial intent (HIGH / MEDIUM / LOW with a short reason); paid search allowed?; brand bidding allowed?; direct linking allowed?; offer status (active?); affiliate link; tracking reliability (HIGH / MEDIUM / LOW); can conversions be reconciled with the network?,restrictions to read before launch: read terms: https://app.impact.com/Mediapartners/IRMzcDLLRBgC27859fLsNiJEwGoUpdMew1/Campaigns/18533/PublicTerms,
icevpn,,Impact,Impact C,US,icevpn,50,NOT VERIFIED,USD,CPS,NOT VERIFIED,NOT VERIFIED,4.36,USD,DataForSEO Google Ads (average CPC),2026-10-03,NOT VERIFIED,NOT VERIFIED,NOT VERIFIED,NOT VERIFIED,,,,,,0,LOW,DO NOT TEST,real payout: payout value NOT VERIFIED; commercial intent (HIGH / MEDIUM / LOW with a short reason); paid search allowed?; brand bidding allowed?; direct linking allowed?; offer status (active?); affiliate link; tracking reliability (HIGH / MEDIUM / LOW); can conversions be reconciled with the network?,restrictions to read before launch: read terms: https://app.impact.com/Mediapartners/IR6uoKsVEBM92349536mSxRD7ykuLtunp1/Campaigns/47094/PublicTerms,
indo trick scooter,,Impact,Impact NYJL,US,indo trick scooter,40,NOT VERIFIED,EUR,CPS,NOT VERIFIED,NOT VERIFIED,0.16,USD,DataForSEO Google Ads (average CPC),2026-10-03,NOT VERIFIED,NOT VERIFIED,NOT VERIFIED,NOT VERIFIED,,,,,,20,LOW,DO NOT TEST,real payout: payout value NOT VERIFIED; commercial intent (HIGH / MEDIUM / LOW with a short reason); paid search allowed?; brand bidding allowed?; direct linking allowed?; offer status (active?); affiliate link; tracking reliability (HIGH / MEDIUM / LOW); can conversions be reconciled with the network?,restrictions to read before launch: read terms: https://app.impact.com/Mediapartners/IRMzcDLLRBgC27859fLsNiJEwGoUpdMew1/Campaigns/18088/PublicTerms,
artemis ads,,Impact,Impact NYJL,US,artemis ads,30,NOT VERIFIED,USD,CPS,NOT VERIFIED,NOT VERIFIED,11.05,USD,DataForSEO Google Ads (average CPC),2026-10-03,NOT VERIFIED,NOT VERIFIED,NOT VERIFIED,NOT VERIFIED,,,,,,0,LOW,DO NOT TEST,real payout: payout value NOT VERIFIED; commercial intent (HIGH / MEDIUM / LOW with a short reason); paid search allowed?; brand bidding allowed?; direct linking allowed?; offer status (active?); affiliate link; tracking reliability (HIGH / MEDIUM / LOW); can conversions be reconciled with the network?,restrictions to read before launch: read terms: https://app.impact.com/Mediapartners/IRMzcDLLRBgC27859fLsNiJEwGoUpdMew1/Campaigns/50819/PublicTerms,
bulldog online yoga,Sports & Fitness > Exercise & Health,CJ,CJ,US,bulldog online yoga,20,NOT VERIFIED,NOT VERIFIED,HYBRID,NOT VERIFIED,NOT VERIFIED,CPC NOT AVAILABLE,NOT VERIFIED,,,NOT VERIFIED,NOT VERIFIED,NOT VERIFIED,NOT VERIFIED,,,,,,0,LOW,DO NOT TEST,"CPC NOT AVAILABLE (record CPC, currency, source and date); real payout: payout value NOT VERIFIED; commercial intent (HIGH / MEDIUM / LOW with a short reason); paid search allowed?; brand bidding allowed?; direct linking allowed?; offer status (active?); affiliate link; tracking reliability (HIGH / MEDIUM / LOW); can conversions be reconciled with the network?",,
charlemagne premium,,Impact,Impact NYJL,DE,charlemagne premium,20,NOT VERIFIED,EUR,CPS,NOT VERIFIED,NOT VERIFIED,0.29,USD,DataForSEO Google Ads (average CPC),2026-10-03,NOT VERIFIED,NOT VERIFIED,NOT VERIFIED,NOT VERIFIED,,,,,,20,LOW,DO NOT TEST,real payout: payout value NOT VERIFIED; commercial intent (HIGH / MEDIUM / LOW with a short reason); paid search allowed?; brand bidding allowed?; direct linking allowed?; offer status (active?); affiliate link; tracking reliability (HIGH / MEDIUM / LOW); can conversions be reconciled with the network?,restrictions to read before launch: read terms: https://app.impact.com/Mediapartners/IRMzcDLLRBgC27859fLsNiJEwGoUpdMew1/Campaigns/24278/PublicTerms,
hana emi,,Impact,Impact NYJL,US,hana emi,20,NOT VERIFIED,EUR,CPS,NOT VERIFIED,NOT VERIFIED,0.95,USD,DataForSEO Google Ads (average CPC),2026-10-03,NOT VERIFIED,NOT VERIFIED,NOT VERIFIED,NOT VERIFIED,,,,,,12,LOW,DO NOT TEST,real payout: payout value NOT VERIFIED; commercial intent (HIGH / MEDIUM / LOW with a short reason); paid search allowed?; brand bidding allowed?; direct linking allowed?; offer status (active?); affiliate link; tracking reliability (HIGH / MEDIUM / LOW); can conversions be reconciled with the network?,restrictions to read before launch: read terms: https://app.impact.com/Mediapartners/IRMzcDLLRBgC27859fLsNiJEwGoUpdMew1/Campaigns/18536/PublicTerms,
mioeco,,Impact,Impact NYJL,US,mioeco,20,NOT VERIFIED,EUR,CPS,NOT VERIFIED,NOT VERIFIED,1.26,USD,DataForSEO Google Ads (average CPC),2026-10-03,NOT VERIFIED,NOT VERIFIED,NOT VERIFIED,NOT VERIFIED,,,,,,8,LOW,DO NOT TEST,real payout: payout value NOT VERIFIED; commercial intent (HIGH / MEDIUM / LOW with a short reason); paid search allowed?; brand bidding allowed?; direct linking allowed?; offer status (active?); affiliate link; tracking reliability (HIGH / MEDIUM / LOW); can conversions be reconciled with the network?,restrictions to read before launch: read terms: https://app.impact.com/Mediapartners/IRMzcDLLRBgC27859fLsNiJEwGoUpdMew1/Campaigns/18361/PublicTerms,
arbiship,,Impact,Impact NYJL,US,arbiship,10,NOT VERIFIED,USD,CPS,NOT VERIFIED,NOT VERIFIED,CPC NOT AVAILABLE,NOT VERIFIED,,,NOT VERIFIED,NOT VERIFIED,NOT VERIFIED,NOT VERIFIED,,,,,,0,LOW,DO NOT TEST,"CPC NOT AVAILABLE (record CPC, currency, source and date); real payout: payout value NOT VERIFIED; commercial intent (HIGH / MEDIUM / LOW with a short reason); paid search allowed?; brand bidding allowed?; direct linking allowed?; offer status (active?); affiliate link; tracking reliability (HIGH / MEDIUM / LOW); can conversions be reconciled with the network?",restrictions to read before launch: read terms: https://app.impact.com/Mediapartners/IRMzcDLLRBgC27859fLsNiJEwGoUpdMew1/Campaigns/5709/PublicTerms,
dumblescore,,Impact,Impact NYJL,US,dumblescore,10,NOT VERIFIED,EUR,CPA,NOT VERIFIED,NOT VERIFIED,CPC NOT AVAILABLE,NOT VERIFIED,,,NOT VERIFIED,NOT VERIFIED,NOT VERIFIED,NOT VERIFIED,,,,,,0,LOW,DO NOT TEST,"CPC NOT AVAILABLE (record CPC, currency, source and date); real payout: payout value NOT VERIFIED; commercial intent (HIGH / MEDIUM / LOW with a short reason); paid search allowed?; brand bidding allowed?; direct linking allowed?; offer status (active?); affiliate link; tracking reliability (HIGH / MEDIUM / LOW); can conversions be reconciled with the network?",restrictions to read before launch: read terms: https://app.impact.com/Mediapartners/IRMzcDLLRBgC27859fLsNiJEwGoUpdMew1/Campaigns/52158/PublicTerms,
hieno supplies,,Impact,Impact NYJL,US,hieno supplies,10,NOT VERIFIED,EUR,CPS,NOT VERIFIED,NOT VERIFIED,CPC NOT AVAILABLE,NOT VERIFIED,,,NOT VERIFIED,NOT VERIFIED,NOT VERIFIED,NOT VERIFIED,,,,,,0,LOW,DO NOT TEST,"CPC NOT AVAILABLE (record CPC, currency, source and date); real payout: payout value NOT VERIFIED; commercial intent (HIGH / MEDIUM / LOW with a short reason); paid search allowed?; brand bidding allowed?; direct linking allowed?; offer status (active?); affiliate link; tracking reliability (HIGH / MEDIUM / LOW); can conversions be reconciled with the network?",restrictions to read before launch: read terms: https://app.impact.com/Mediapartners/IRMzcDLLRBgC27859fLsNiJEwGoUpdMew1/Campaigns/18532/PublicTerms,
nudco,,Impact,Impact NYJL,GB,nudco,10,NOT VERIFIED,EUR,CPS,NOT VERIFIED,NOT VERIFIED,CPC NOT AVAILABLE,NOT VERIFIED,,,NOT VERIFIED,NOT VERIFIED,NOT VERIFIED,NOT VERIFIED,,,,,,0,LOW,DO NOT TEST,"CPC NOT AVAILABLE (record CPC, currency, source and date); real payout: payout value NOT VERIFIED; commercial intent (HIGH / MEDIUM / LOW with a short reason); paid search allowed?; brand bidding allowed?; direct linking allowed?; offer status (active?); affiliate link; tracking reliability (HIGH / MEDIUM / LOW); can conversions be reconciled with the network?",restrictions to read before launch: read terms: https://app.impact.com/Mediapartners/IRMzcDLLRBgC27859fLsNiJEwGoUpdMew1/Campaigns/18661/PublicTerms,
onemile bike,,Impact,Impact NYJL,US,onemile bike,10,NOT VERIFIED,USD,CPS,NOT VERIFIED,NOT VERIFIED,1.61,USD,DataForSEO Google Ads (average CPC),2026-10-03,NOT VERIFIED,NOT VERIFIED,NOT VERIFIED,NOT VERIFIED,,,,,,8,LOW,DO NOT TEST,real payout: payout value NOT VERIFIED; commercial intent (HIGH / MEDIUM / LOW with a short reason); paid search allowed?; brand bidding allowed?; direct linking allowed?; offer status (active?); affiliate link; tracking reliability (HIGH / MEDIUM / LOW); can conversions be reconciled with the network?,restrictions to read before launch: read terms: https://app.impact.com/Mediapartners/IRMzcDLLRBgC27859fLsNiJEwGoUpdMew1/Campaigns/21135/PublicTerms,
penchant for pleasure,,Impact,Impact NYJL,US,penchant for pleasure,10,NOT VERIFIED,EUR,CPS,NOT VERIFIED,NOT VERIFIED,5.43,USD,DataForSEO Google Ads (average CPC),2026-10-03,NOT VERIFIED,NOT VERIFIED,NOT VERIFIED,NOT VERIFIED,,,,,,0,LOW,DO NOT TEST,real payout: payout value NOT VERIFIED; commercial intent (HIGH / MEDIUM / LOW with a short reason); paid search allowed?; brand bidding allowed?; direct linking allowed?; offer status (active?); affiliate link; tracking reliability (HIGH / MEDIUM / LOW); can conversions be reconciled with the network?,restrictions to read before launch: read terms: https://app.impact.com/Mediapartners/IRMzcDLLRBgC27859fLsNiJEwGoUpdMew1/Campaigns/18358/PublicTerms,
pure scentum,,Impact,Impact NYJL,US,pure scentum,10,NOT VERIFIED,EUR,CPS,NOT VERIFIED,NOT VERIFIED,CPC NOT AVAILABLE,NOT VERIFIED,,,NOT VERIFIED,NOT VERIFIED,NOT VERIFIED,NOT VERIFIED,,,,,,0,LOW,DO NOT TEST,"CPC NOT AVAILABLE (record CPC, currency, source and date); real payout: payout value NOT VERIFIED; commercial intent (HIGH / MEDIUM / LOW with a short reason); paid search allowed?; brand bidding allowed?; direct linking allowed?; offer status (active?); affiliate link; tracking reliability (HIGH / MEDIUM / LOW); can conversions be reconciled with the network?",restrictions to read before launch: read terms: https://app.impact.com/Mediapartners/IRMzcDLLRBgC27859fLsNiJEwGoUpdMew1/Campaigns/18531/PublicTerms,
silginnes,,Impact,Impact NYJL,US,silginnes,10,NOT VERIFIED,EUR,CPS,NOT VERIFIED,NOT VERIFIED,4.22,USD,DataForSEO Google Ads (average CPC),2026-10-03,NOT VERIFIED,NOT VERIFIED,NOT VERIFIED,NOT VERIFIED,,,,,,0,LOW,DO NOT TEST,real payout: payout value NOT VERIFIED; commercial intent (HIGH / MEDIUM / LOW with a short reason); paid search allowed?; brand bidding allowed?; direct linking allowed?; offer status (active?); affiliate link; tracking reliability (HIGH / MEDIUM / LOW); can conversions be reconciled with the network?,restrictions to read before launch: read terms: https://app.impact.com/Mediapartners/IRMzcDLLRBgC27859fLsNiJEwGoUpdMew1/Campaigns/18668/PublicTerms,
throwback traits,,Impact,Impact NYJL,US,throwback traits,10,NOT VERIFIED,EUR,CPS,NOT VERIFIED,NOT VERIFIED,CPC NOT AVAILABLE,NOT VERIFIED,,,NOT VERIFIED,NOT VERIFIED,NOT VERIFIED,NOT VERIFIED,,,,,,0,LOW,DO NOT TEST,"CPC NOT AVAILABLE (record CPC, currency, source and date); real payout: payout value NOT VERIFIED; commercial intent (HIGH / MEDIUM / LOW with a short reason); paid search allowed?; brand bidding allowed?; direct linking allowed?; offer status (active?); affiliate link; tracking reliability (HIGH / MEDIUM / LOW); can conversions be reconciled with the network?",restrictions to read before launch: read terms: https://app.impact.com/Mediapartners/IRMzcDLLRBgC27859fLsNiJEwGoUpdMew1/Campaigns/18671/PublicTerms,
apexwill,,Impact,Impact C,US,apexwill,10,NOT VERIFIED,USD,CPS,NOT VERIFIED,NOT VERIFIED,4.16,USD,DataForSEO Google Ads (average CPC),2026-10-03,NOT VERIFIED,NOT VERIFIED,NOT VERIFIED,NOT VERIFIED,,,,,,0,LOW,DO NOT TEST,real payout: payout value NOT VERIFIED; commercial intent (HIGH / MEDIUM / LOW with a short reason); paid search allowed?; brand bidding allowed?; direct linking allowed?; offer status (active?); affiliate link; tracking reliability (HIGH / MEDIUM / LOW); can conversions be reconciled with the network?,restrictions to read before launch: read terms: https://app.impact.com/Mediapartners/IR6uoKsVEBM92349536mSxRD7ykuLtunp1/Campaigns/57946/PublicTerms,
novyro,,Impact,Impact C,US,novyro,10,NOT VERIFIED,USD,CPS,NOT VERIFIED,NOT VERIFIED,CPC NOT AVAILABLE,NOT VERIFIED,,,NOT VERIFIED,NOT VERIFIED,NOT VERIFIED,NOT VERIFIED,,,,,,0,LOW,DO NOT TEST,"CPC NOT AVAILABLE (record CPC, currency, source and date); real payout: payout value NOT VERIFIED; commercial intent (HIGH / MEDIUM / LOW with a short reason); paid search allowed?; brand bidding allowed?; direct linking allowed?; offer status (active?); affiliate link; tracking reliability (HIGH / MEDIUM / LOW); can conversions be reconciled with the network?",restrictions to read before launch: read terms: https://app.impact.com/Mediapartners/IR6uoKsVEBM92349536mSxRD7ykuLtunp1/Campaigns/56622/PublicTerms,
